game_id,sport_title,commence_time,home_team,away_team,home_team_score,away_team_score,winning_team
<<<<<<< HEAD
5a2091eecade0b56368a9124616ed7fc,MLB,2023-07-21T22:40:00Z,Tampa Bay Rays,Baltimore Orioles,3,0,Tampa Bay Rays
65bfaf9bae022f4ca9da35b2799f1ac6,MLB,2023-07-21T22:40:00Z,Miami Marlins,Colorado Rockies,1,6,Colorado Rockies
093a11b1a004ea9940686558a61f3278,MLB,2023-07-21T22:40:00Z,Detroit Tigers,San Diego Padres,4,5,San Diego Padres
b48ddfc0603ce98fdddda0e45885bfa7,MLB,2023-07-21T23:05:00Z,New York Yankees,Kansas City Royals,5,4,New York Yankees
13d3b16866c9f2ff9b5c9fd785b3aaa2,MLB,2023-07-21T23:05:00Z,Washington Nationals,San Francisco Giants,5,3,Washington Nationals
bfc05ffa6779d69582b011da56101ab7,MLB,2023-07-21T23:10:00Z,Cincinnati Reds,Arizona Diamondbacks,9,6,Cincinnati Reds
73bf46c01760e64f822c6e02095d0f8b,MLB,2023-07-21T23:10:00Z,Cleveland Guardians,Philadelphia Phillies,6,5,Cleveland Guardians
2824681ff93df18fa55151dff0bc44d3,MLB,2023-07-21T23:13:40Z,Boston Red Sox,New York Mets,4,5,New York Mets
9cd33eeeb474c5235a73a3d4896e0512,MLB,2023-07-22T00:05:00Z,Texas Rangers,Los Angeles Dodgers,5,11,Los Angeles Dodgers
68451f44144a0ebe458ec2ab77b039cf,MLB,2023-07-22T00:10:00Z,Milwaukee Brewers,Atlanta Braves,4,6,Atlanta Braves
bc84432be676365c0b63babee7763c6c,MLB,2023-07-22T00:10:00Z,Minnesota Twins,Chicago White Sox,9,4,Minnesota Twins
3f9bc5fc1291536a96dc0aae89ee30f5,MLB,2023-07-22T01:38:52Z,Los Angeles Angels,Pittsburgh Pirates,8,5,Los Angeles Angels
79aca7c412baa56b11382380adb8509f,MLB,2023-07-22T01:40:00Z,Oakland Athletics,Houston Astros,4,6,Houston Astros
84a1fd8ef1c2fcc01d03cde76211f974,MLB,2023-07-22T02:10:00Z,Seattle Mariners,Toronto Blue Jays,3,2,Seattle Mariners
1cdb02330c8e3bacfd0277ad15e9faeb,MLB,2023-07-22T17:08:05Z,New York Yankees,Kansas City Royals,5,2,New York Yankees
10e907ff30032c1f519b588c0d6be210,MLB,2023-07-22T17:10:00Z,Miami Marlins,Colorado Rockies,3,4,Colorado Rockies
995ff913679032025f7ad0f67a371aba,MLB,2023-07-22T18:45:13Z,Chicago Cubs,St. Louis Cardinals,8,6,Chicago Cubs
92b6c1cc425c48042f8515a0d36a745a,MLB,2023-07-22T20:06:59Z,Texas Rangers,Los Angeles Dodgers,3,16,Los Angeles Dodgers
00a29d1f0e05cb699091b1ecb01e42b4,MLB,2023-07-22T20:10:00Z,Cincinnati Reds,Arizona Diamondbacks,4,2,Cincinnati Reds
b04f60b033e9976c4f33229694e38df1,MLB,2023-07-22T20:10:00Z,Tampa Bay Rays,Baltimore Orioles,5,6,Baltimore Orioles
245c934efdfd2bddf331001fd142c48d,MLB,2023-07-22T20:10:00Z,Seattle Mariners,Toronto Blue Jays,9,8,Seattle Mariners
aa21f1b65d372ec20c3928d1f7c9b06b,MLB,2023-07-22T22:09:50Z,Detroit Tigers,San Diego Padres,3,14,San Diego Padres
24a6237d61267f969d56376632611c18,MLB,2023-07-22T23:05:00Z,Washington Nationals,San Francisco Giants,10,1,Washington Nationals
8e64985ea457160968affdb70a1bd1d1,MLB,2023-07-22T23:10:00Z,Boston Red Sox,New York Mets,8,6,Boston Red Sox
26cebae19f6d99e9ec216894adbe8d71,MLB,2023-07-22T23:10:00Z,Cleveland Guardians,Philadelphia Phillies,1,0,Cleveland Guardians
6140350652dffb616d01cd12303a9aa8,MLB,2023-07-22T23:15:00Z,Milwaukee Brewers,Atlanta Braves,4,3,Milwaukee Brewers
3f5aabad3bd6fa024c28cf250fedafc2,MLB,2023-07-22T23:44:00Z,Minnesota Twins,Chicago White Sox,3,2,Minnesota Twins
a924a1d915a130f71e727a2e2080d6ad,MLB,2023-07-23T01:07:00Z,Oakland Athletics,Houston Astros,4,1,Oakland Athletics
27e7e824311e7f3800ae879ac3ff81c0,MLB,2023-07-23T01:07:00Z,Los Angeles Angels,Pittsburgh Pirates,0,3,Pittsburgh Pirates
c2b0cd1cbf0b727dfc35f8af270c27f7,MLB,2023-07-23T16:04:23Z,Detroit Tigers,San Diego Padres,3,1,Detroit Tigers
efeaab984731e53d2a6ce128bcb6ae5f,MLB,2023-07-23T17:35:00Z,New York Yankees,Kansas City Royals,8,5,New York Yankees
9b15f2be4d6985f455f44b40f2a8a819,MLB,2023-07-23T17:35:00Z,Washington Nationals,San Francisco Giants,6,1,Washington Nationals
d753876c446f7581e4bdae6459b02780,MLB,2023-07-23T17:40:00Z,Cincinnati Reds,Arizona Diamondbacks,7,3,Cincinnati Reds
e7a85291b7f5d1013327557367b603f7,MLB,2023-07-23T17:40:00Z,Tampa Bay Rays,Baltimore Orioles,3,5,Baltimore Orioles
306c002e4305285100cd63a7f30d1eb1,MLB,2023-07-23T17:40:00Z,Miami Marlins,Colorado Rockies,3,2,Miami Marlins
2e46c5c60efb075a89464f581011c696,MLB,2023-07-23T17:40:52Z,Cleveland Guardians,Philadelphia Phillies,5,8,Philadelphia Phillies
12ca5df4712861c30607cf91c8bb31f7,MLB,2023-07-23T18:10:00Z,Milwaukee Brewers,Atlanta Braves,2,4,Atlanta Braves
080ef67a6f77a997c6c2472b304d5b99,MLB,2023-07-23T18:10:00Z,Minnesota Twins,Chicago White Sox,5,4,Minnesota Twins
677db0903de24d0ccfc0e727fed34e74,MLB,2023-07-23T18:20:00Z,Chicago Cubs,St. Louis Cardinals,7,2,Chicago Cubs
90d15fd7857c7f7d22e44890bf8de5df,MLB,2023-07-23T18:39:02Z,Texas Rangers,Los Angeles Dodgers,8,4,Texas Rangers
658de84a32abc66bd5c5dd92a3e02ed2,MLB,2023-07-23T20:07:00Z,Oakland Athletics,Houston Astros,2,3,Houston Astros
20afc7180efbdee283026619c62d723e,MLB,2023-07-23T20:07:00Z,Los Angeles Angels,Pittsburgh Pirates,7,5,Los Angeles Angels
37d01984ea014fdc3c4dd74646bc8153,MLB,2023-07-23T20:10:00Z,Seattle Mariners,Toronto Blue Jays,3,4,Toronto Blue Jays
af1229a364b9081daadc74bf050c35e0,MLB,2023-07-23T23:10:00Z,Boston Red Sox,New York Mets,6,1,Boston Red Sox
43429f03f224b4625300eefcc79165d0,MLB,2023-07-24T17:10:10Z,Detroit Tigers,San Francisco Giants,5,1,Detroit Tigers
56551b92229bfa823d851372ac9e2cbc,MLB,2023-07-24T22:43:35Z,Philadelphia Phillies,Baltimore Orioles,2,3,Baltimore Orioles
39e223838940bca436f3601230153840,MLB,2023-07-24T23:05:14Z,Washington Nationals,Colorado Rockies,6,10,Colorado Rockies
db02c98f7928c39aed6149b56379de1e,MLB,2023-07-24T23:10:00Z,Cleveland Guardians,Kansas City Royals,3,5,Kansas City Royals
c41252e2225e20647da884ba90a5aecc,MLB,2023-07-24T23:41:34Z,Minnesota Twins,Seattle Mariners,4,3,Minnesota Twins
5bf442cc3eb9a4d7c0c1ef92c11b33ce,MLB,2023-07-25T00:10:33Z,Milwaukee Brewers,Cincinnati Reds,3,2,Milwaukee Brewers
74ccfb375dd7632f12420ac5275de202,MLB,2023-07-25T00:10:52Z,Houston Astros,Texas Rangers,10,9,Houston Astros
878058db54eb068e73bbe6f6daaee4f1,MLB,2023-07-25T01:39:53Z,Arizona Diamondbacks,St. Louis Cardinals,6,10,St. Louis Cardinals
2a39c07a4698e32b382120e7cf20d099,MLB,2023-07-25T01:39:58Z,San Diego Padres,Pittsburgh Pirates,4,8,Pittsburgh Pirates
d0fa9f0da2b3630283997463c0755c85,MLB,2023-07-25T02:10:22Z,Los Angeles Dodgers,Toronto Blue Jays,3,6,Toronto Blue Jays
407dec919e4289f64a19f2c055664145,MLB,2023-07-25T22:40:00Z,Philadelphia Phillies,Baltimore Orioles,4,3,Philadelphia Phillies
e4a0297bc8f1295baa19c2dd74361cb1,MLB,2023-07-25T22:40:00Z,Tampa Bay Rays,Miami Marlins,4,1,Tampa Bay Rays
a21db19a068b9de7b63cd1d45c542cb9,MLB,2023-07-25T22:41:58Z,Detroit Tigers,Los Angeles Angels,6,7,Los Angeles Angels
16de84a36b428daadd571af4fb2d26ea,MLB,2023-07-25T23:05:00Z,New York Yankees,New York Mets,3,9,New York Mets
6f550b6ecf8ceafb70986a132f1e517d,MLB,2023-07-25T23:10:00Z,Cleveland Guardians,Kansas City Royals,5,1,Cleveland Guardians
28e1efd576108ebf9acadf8d548c6f7b,MLB,2023-07-25T23:41:22Z,Minnesota Twins,Seattle Mariners,7,9,Seattle Mariners
c8c3e69af3a4f1a7893484ec764c567b,MLB,2023-07-26T00:09:58Z,Houston Astros,Texas Rangers,4,3,Houston Astros
c9487512ccf3f2018d4dc839f65f7698,MLB,2023-07-26T00:10:00Z,Chicago White Sox,Chicago Cubs,3,7,Chicago Cubs
2c527ead41fb64064fba8e7b0e926157,MLB,2023-07-26T00:10:46Z,Milwaukee Brewers,Cincinnati Reds,3,4,Cincinnati Reds
912569d2d08d5ac38fc4442341aec170,MLB,2023-07-26T00:30:00Z,Washington Nationals,Colorado Rockies,6,5,Washington Nationals
ab4419d86a8d80c6bd4078c6dd52c67f,MLB,2023-07-26T00:50:00Z,Boston Red Sox,Atlanta Braves,7,1,Boston Red Sox
d2d270959e673e9df2ae0d249ebcb5e5,MLB,2023-07-26T01:40:00Z,Arizona Diamondbacks,St. Louis Cardinals,3,1,Arizona Diamondbacks
814115c66feea1646a7e476b337b1cee,MLB,2023-07-26T01:40:00Z,San Diego Padres,Pittsburgh Pirates,5,1,San Diego Padres
e9a3ed3d483d0d86e5bd2c20c58dddf0,MLB,2023-07-26T01:45:00Z,San Francisco Giants,Oakland Athletics,2,1,San Francisco Giants
f399477d2b7f5510b82785c02b2fcad4,MLB,2023-07-26T02:10:09Z,Los Angeles Dodgers,Toronto Blue Jays,8,7,Los Angeles Dodgers
96d47d41251c8e6991fe067926d156bf,MLB,2023-07-26T16:04:30Z,Washington Nationals,Colorado Rockies,5,4,Washington Nationals
928d216ad34dc0eea0c54425d8bd5eea,MLB,2023-07-26T16:09:00Z,Tampa Bay Rays,Miami Marlins,1,7,Miami Marlins
d84e8a2218b10737e16c22820555d118,MLB,2023-07-26T17:10:00Z,Cleveland Guardians,Kansas City Royals,8,3,Cleveland Guardians
f6a9c25fe8e1d7cc9cafbf6cebeaa890,MLB,2023-07-26T17:10:00Z,Minnesota Twins,Seattle Mariners,7,8,Seattle Mariners
1534b66e34fd0f5c6c74bd333e6f692e,MLB,2023-07-26T18:10:00Z,Milwaukee Brewers,Cincinnati Reds,3,0,Milwaukee Brewers
8ab5e3b027cad19aef74c4886941ad1b,MLB,2023-07-26T20:10:00Z,San Diego Padres,Pittsburgh Pirates,2,3,Pittsburgh Pirates
00e4da03bc921a0f794a262c97121dd6,MLB,2023-07-26T19:40:00Z,Arizona Diamondbacks,St. Louis Cardinals,7,11,St. Louis Cardinals
5a7c2c79a0dcbb062e16b1a7108c8bf9,MLB,2023-07-26T20:10:00Z,Los Angeles Dodgers,Toronto Blue Jays,1,8,Toronto Blue Jays
9e75900bbef78e4504359c38ffd86790,MLB,2023-07-26T22:05:00Z,Philadelphia Phillies,Baltimore Orioles,6,4,Philadelphia Phillies
026ed6cf4328658820641a04821d3a8c,MLB,2023-07-26T23:05:00Z,New York Yankees,New York Mets,3,1,New York Yankees
1b8414cf377d4a5c4ea7801ef70785fa,MLB,2023-07-26T23:10:00Z,Boston Red Sox,Atlanta Braves,5,3,Boston Red Sox
cc896f81bc4ef9f8d1984ff888189b02,MLB,2023-07-27T00:12:06Z,Houston Astros,Texas Rangers,5,13,Texas Rangers
ce248a438e06273b050332289f7dae4d,MLB,2023-07-27T00:10:00Z,Chicago White Sox,Chicago Cubs,7,10,Chicago Cubs
33e0facf8836d3fdab287cd33319cee4,MLB,2023-07-27T01:45:00Z,San Francisco Giants,Oakland Athletics,8,3,San Francisco Giants
c2320752ab18ee4198283c369edb7c7b,MLB,2023-07-27T17:10:00Z,Detroit Tigers,Los Angeles Angels,0,6,Los Angeles Angels
ac0dc8336c9a53e2ecc549c502219503,MLB,2023-07-27T20:11:07Z,Detroit Tigers,Los Angeles Angels,4,11,Los Angeles Angels
fccfbbd33940689be89a2df6afbd4d76,MLB,2023-07-27T23:44:29Z,St. Louis Cardinals,Chicago Cubs,3,10,Chicago Cubs
f19265de234751b5568f360a73e8cf2b,MLB,2023-07-28T00:09:35Z,Chicago White Sox,Cleveland Guardians,3,6,Cleveland Guardians
3e0a8f8d9c7637959d940087782869e0,MLB,2023-07-27T23:09:32Z,New York Mets,Washington Nationals,2,1,New York Mets
cd096479baf590bf06b8be1ab71fde12,MLB,2023-07-28T22:40:36Z,Miami Marlins,Detroit Tigers,6,5,Miami Marlins
3febf7d25dce6dfa9c5895196619d3b2,MLB,2023-07-28T23:06:28Z,Pittsburgh Pirates,Philadelphia Phillies,1,2,Philadelphia Phillies
ff22dc15005b9537ce8bc559af1e6160,MLB,2023-07-28T23:07:00Z,Toronto Blue Jays,Los Angeles Angels,4,1,Toronto Blue Jays
7f68b755f935e9936e377412d47d38fc,MLB,2023-07-28T23:10:00Z,Chicago White Sox,Cleveland Guardians,3,0,Chicago White Sox
1dd7030e208544da1db060bddc9a5ad0,MLB,2023-07-28T23:10:00Z,New York Mets,Washington Nationals,5,1,New York Mets
45fda81753cf11003b59ca4cb659fefa,MLB,2023-07-28T23:50:00Z,Atlanta Braves,Milwaukee Brewers,10,7,Atlanta Braves
398e43d770013dc293272e015d3e5dd6,MLB,2023-07-29T00:10:00Z,Houston Astros,Tampa Bay Rays,3,4,Tampa Bay Rays
4c715a0cf75c6b68c261d9a2e7594a0b,MLB,2023-07-29T00:10:00Z,Kansas City Royals,Minnesota Twins,8,5,Kansas City Royals
9b986e74d3183c1c19ef98fc74066654,MLB,2023-07-29T00:15:00Z,St. Louis Cardinals,Chicago Cubs,2,3,Chicago Cubs
128464c0e9b4d35f2e1d9b9089de261a,MLB,2023-07-29T00:40:11Z,Colorado Rockies,Oakland Athletics,5,8,Oakland Athletics
82215ad32822c16515bc36c80d40f19c,MLB,2023-07-29T01:35:00Z,Baltimore Orioles,New York Yankees,1,0,Baltimore Orioles
91ee1fc21279681e892c15f9f52db33d,MLB,2023-07-29T01:40:00Z,Arizona Diamondbacks,Seattle Mariners,2,5,Seattle Mariners
6b530bb0edb029a38c13ae05919da146,MLB,2023-07-29T02:01:31Z,San Diego Padres,Texas Rangers,7,1,San Diego Padres
cb3b4f7de9492a1f6ad0cd527ff336c1,MLB,2023-07-29T02:09:52Z,Los Angeles Dodgers,Cincinnati Reds,5,6,Cincinnati Reds
35d25893a393e3dc984e6bea8507e42d,MLB,2023-07-29T02:15:00Z,San Francisco Giants,Boston Red Sox,2,3,Boston Red Sox
7ececb34ab7c305b68540b2cde36e768,MLB,2023-07-29T19:07:00Z,Toronto Blue Jays,Los Angeles Angels,6,1,Toronto Blue Jays
f6eb9dfd90d0640c2a9761bbd56fad12,MLB,2023-07-29T20:10:00Z,Miami Marlins,Detroit Tigers,0,5,Detroit Tigers
5f72566bdaa4e502c9b22549737206ab,MLB,2023-07-29T23:05:00Z,Pittsburgh Pirates,Philadelphia Phillies,7,6,Pittsburgh Pirates
49118563a0bc1997eeb916a67f1120d5,MLB,2023-07-29T23:10:00Z,Chicago White Sox,Cleveland Guardians,7,2,Chicago White Sox
5b21eeb36eed54efa947113cc2e2d8bc,MLB,2023-07-29T23:10:00Z,Kansas City Royals,Minnesota Twins,10,7,Kansas City Royals
4a0a3d13482e061771694bbb7d5264d1,MLB,2023-07-29T23:15:00Z,Baltimore Orioles,New York Yankees,3,8,New York Yankees
19dc032dcaf4e5a2f542924e9eebefb6,MLB,2023-07-29T23:15:00Z,San Francisco Giants,Boston Red Sox,3,2,San Francisco Giants
85ff2c4b9b72afa457c8abf47b133067,MLB,2023-07-29T23:15:56Z,Houston Astros,Tampa Bay Rays,17,4,Houston Astros
813178ab3a34c8ff59a2fbdea8d2297d,MLB,2023-07-29T23:20:00Z,Atlanta Braves,Milwaukee Brewers,11,5,Atlanta Braves
69607cff3b96edab50d26ebe454c7459,MLB,2023-07-30T00:09:53Z,Arizona Diamondbacks,Seattle Mariners,4,3,Arizona Diamondbacks
4298f638226722f6473dea754fd1f007,MLB,2023-07-30T00:10:28Z,Colorado Rockies,Oakland Athletics,3,11,Oakland Athletics
28cd6e25bd52302a2274ecaffd05740c,MLB,2023-07-30T00:30:00Z,New York Mets,Washington Nationals,6,11,Washington Nationals
39c60aad0395729a3a6be2d361c028b9,MLB,2023-07-30T00:40:00Z,San Diego Padres,Texas Rangers,4,0,San Diego Padres
c19e017feb76eed6282677fa09657c12,MLB,2023-07-30T01:00:00Z,St. Louis Cardinals,Chicago Cubs,1,5,Chicago Cubs
d7e0b2e172e35ea8e8e4533cc180221c,MLB,2023-07-30T01:09:42Z,Los Angeles Dodgers,Cincinnati Reds,3,2,Los Angeles Dodgers
e3ea6e4eb19024cabd6ec170ed05286d,MLB,2023-07-30T16:05:00Z,Toronto Blue Jays,Los Angeles Angels,2,3,Los Angeles Angels
6561c5aaa9e86892b0ccc49f2b885fea,MLB,2023-07-30T17:35:00Z,Atlanta Braves,Milwaukee Brewers,8,6,Atlanta Braves
7e43646791a1c6807dd479a6e327cdee,MLB,2023-07-30T17:35:00Z,Pittsburgh Pirates,Philadelphia Phillies,6,4,Pittsburgh Pirates
ea69f5c065b5009af2cd3a3a500385e1,MLB,2023-07-30T17:40:00Z,Miami Marlins,Detroit Tigers,8,6,Miami Marlins
96fffcad376d9ab283e884d81faec974,MLB,2023-07-30T17:40:00Z,New York Mets,Washington Nationals,5,2,New York Mets
c1f76807420668c0064214508e596afc,MLB,2023-07-30T18:10:00Z,Chicago White Sox,Cleveland Guardians,0,5,Cleveland Guardians
67558281ce0565e18faa1f140f045d51,MLB,2023-07-30T18:10:00Z,Houston Astros,Tampa Bay Rays,2,8,Tampa Bay Rays
f57579303291fae0527ad37b646b1666,MLB,2023-07-30T18:10:00Z,Kansas City Royals,Minnesota Twins,2,1,Kansas City Royals
1f122b29d0fc13490f1cd15a97f99387,MLB,2023-07-30T18:15:00Z,St. Louis Cardinals,Chicago Cubs,3,0,St. Louis Cardinals
3fed8ee015ac802160d1bfa669eac2c1,MLB,2023-07-30T19:10:00Z,Colorado Rockies,Oakland Athletics,2,0,Colorado Rockies
e50345228eec9cbfc0c6f82b478cf61f,MLB,2023-07-30T20:05:00Z,San Francisco Giants,Boston Red Sox,4,3,San Francisco Giants
74a267e0b9b2f2f90de107d20c68af3f,MLB,2023-07-30T20:10:00Z,Arizona Diamondbacks,Seattle Mariners,0,4,Seattle Mariners
110efcee974beb5dc6eeecf1b0d2371a,MLB,2023-07-30T20:10:00Z,Los Angeles Dodgers,Cincinnati Reds,0,9,Cincinnati Reds
0f85ad065524ac80dd1311281ad090d8,MLB,2023-07-30T20:10:00Z,San Diego Padres,Texas Rangers,5,3,San Diego Padres
79d3380a6da559818d54606246d818b0,MLB,2023-07-30T23:10:00Z,Baltimore Orioles,New York Yankees,9,3,Baltimore Orioles
17c49e5b5a984c393d734b8788d7d916,MLB,2023-07-31T22:40:00Z,Miami Marlins,Philadelphia Phillies,2,4,Philadelphia Phillies
e9cadf72927e89cae288005ac2012dd3,MLB,2023-07-31T23:05:00Z,Washington Nationals,Milwaukee Brewers,5,3,Washington Nationals
f754f8ccca1fcb62b13aaf5d8ca3bc86,MLB,2023-07-31T23:05:00Z,New York Yankees,Tampa Bay Rays,1,5,Tampa Bay Rays
1f66a7957aed1360731ff3574cff0014,MLB,2023-07-31T23:20:00Z,Atlanta Braves,Los Angeles Angels,1,4,Los Angeles Angels
027536beb5a50b954a3a464e54cd8ecf,MLB,2023-07-31T23:07:00Z,Toronto Blue Jays,Baltimore Orioles,2,4,Baltimore Orioles
8b1d698ab158c9fd1085d532bf604afc,MLB,2023-08-01T00:09:57Z,Houston Astros,Cleveland Guardians,7,3,Houston Astros
fb2280c4f4bf6083fa17285f2de49bb2,MLB,2023-08-01T00:05:00Z,Chicago Cubs,Cincinnati Reds,5,6,Cincinnati Reds
a1f83d3ed39cd4af4a985eb3e18f2ee7,MLB,2023-08-01T01:40:00Z,Seattle Mariners,Boston Red Sox,6,2,Seattle Mariners
b8b6a888b488af98dc6fd80ca74f18d2,MLB,2023-08-01T01:45:00Z,San Francisco Giants,Arizona Diamondbacks,3,4,Arizona Diamondbacks
7492c538bbc24b382e6cb17558718798,MLB,2023-08-01T03:00:03Z,Colorado Rockies,San Diego Padres,4,3,Colorado Rockies
78c44820c3d3fe73912a3e36a8acbe2a,MLB,2023-08-01T22:41:29Z,Miami Marlins,Philadelphia Phillies,1,3,Philadelphia Phillies
f079960698a2ba4ade64bf8b12cd9db7,MLB,2023-08-01T23:06:26Z,Washington Nationals,Milwaukee Brewers,4,6,Milwaukee Brewers
dd403f47a0806c8afb138c6b3275baf5,MLB,2023-08-01T23:07:06Z,Pittsburgh Pirates,Detroit Tigers,4,1,Pittsburgh Pirates
fccf2a056c91679fd3611ea8a03e6389,MLB,2023-08-01T23:08:21Z,Toronto Blue Jays,Baltimore Orioles,3,13,Baltimore Orioles
fc2b48011c82d25d5eaf314c33bea290,MLB,2023-08-01T23:08:25Z,New York Yankees,Tampa Bay Rays,2,5,Tampa Bay Rays
f2e021d93a1cbe5ee5da0b21817e6683,MLB,2023-08-01T23:20:50Z,Atlanta Braves,Los Angeles Angels,5,1,Atlanta Braves
de2815419bdc4f88f57260660789fce2,MLB,2023-08-02T00:08:33Z,Texas Rangers,Chicago White Sox,2,0,Texas Rangers
d1bfb5bc23d0439835f2037090359eb1,MLB,2023-08-01T23:46:40Z,St. Louis Cardinals,Minnesota Twins,2,3,Minnesota Twins
92f1c123e4b21ee5296b27cf241ba44b,MLB,2023-08-02T00:12:22Z,Houston Astros,Cleveland Guardians,2,0,Houston Astros
fd0ce7baeee066e9d1f3ec343e88022d,MLB,2023-08-02T00:05:07Z,Chicago Cubs,Cincinnati Reds,20,9,Chicago Cubs
824f8efb2dc79e39c6c9afb6ef141855,MLB,2023-08-02T00:10:37Z,Kansas City Royals,New York Mets,7,6,Kansas City Royals
18c8101d83a7fbfc3e967e9a129e9c39,MLB,2023-08-02T00:42:00Z,Colorado Rockies,San Diego Padres,5,8,San Diego Padres
9150b2b156e39e4dbf8c8b414c038244,MLB,2023-08-02T01:45:37Z,San Francisco Giants,Arizona Diamondbacks,4,3,San Francisco Giants
87cd03d98cc925f0a3b4de9182af06c4,MLB,2023-08-02T01:40:59Z,Seattle Mariners,Boston Red Sox,4,6,Boston Red Sox
4f58f4f343ef4ac81a3420cc0e87012b,MLB,2023-08-02T02:10:30Z,Los Angeles Dodgers,Oakland Athletics,7,3,Los Angeles Dodgers
efa483c52f406823a16b201f09e12249,MLB,2023-08-02T16:20:00Z,Atlanta Braves,Los Angeles Angels,12,5,Atlanta Braves
20111f8ce779088eb92f60a892bd71ee,MLB,2023-08-02T16:37:52Z,Pittsburgh Pirates,Detroit Tigers,3,6,Detroit Tigers
d15b9a74c8845e57d426c5e8319792b6,MLB,2023-08-02T17:05:00Z,Washington Nationals,Milwaukee Brewers,3,2,Washington Nationals
941c7f61b968e3fc75b4ff1a14db7785,MLB,2023-08-02T18:10:00Z,Houston Astros,Cleveland Guardians,3,2,Houston Astros
12abcfeef022c0e5a7fc97491358f093,MLB,2023-08-02T19:10:00Z,Colorado Rockies,San Diego Padres,1,11,San Diego Padres
eb69a9cc8a6a5d02da71a3dc381c0c30,MLB,2023-08-02T20:10:00Z,Seattle Mariners,Boston Red Sox,6,3,Seattle Mariners
8d7090b8623f57605a09bc8f16082827,MLB,2023-08-02T22:40:00Z,Miami Marlins,Philadelphia Phillies,9,8,Miami Marlins
cdfe416edf52b1de7c178a1870154fbf,MLB,2023-08-02T23:05:00Z,New York Yankees,Tampa Bay Rays,7,2,New York Yankees
3e4c118363c446be7235aa3f30598877,MLB,2023-08-02T23:07:00Z,Toronto Blue Jays,Baltimore Orioles,4,1,Toronto Blue Jays
528fec19a9836d6b7108cbc431f699eb,MLB,2023-08-02T23:45:00Z,St. Louis Cardinals,Minnesota Twins,7,3,St. Louis Cardinals
560e0d5da82bfcb357b44fec094d0323,MLB,2023-08-03T00:05:00Z,Texas Rangers,Chicago White Sox,11,1,Texas Rangers
cd36d76ed42a69a75a7ee5a9c2770b88,MLB,2023-08-03T00:05:04Z,Chicago Cubs,Cincinnati Reds,16,6,Chicago Cubs
ef6188872acabb58b78738c7bdf29fef,MLB,2023-08-03T00:10:26Z,Kansas City Royals,New York Mets,4,0,Kansas City Royals
90bb01322e48e09ce7d9aa3761ea8ad0,MLB,2023-08-03T01:45:00Z,San Francisco Giants,Arizona Diamondbacks,4,2,San Francisco Giants
56944e9512624693518db8b39c4d6b55,MLB,2023-08-03T02:10:16Z,Los Angeles Dodgers,Oakland Athletics,10,1,Los Angeles Dodgers
b23881dcc585788f90f31f2f3e1d3240,MLB,2023-08-03T16:10:00Z,Miami Marlins,Philadelphia Phillies,2,4,Philadelphia Phillies
cc66d06248f55e17419b7e0978847615,MLB,2023-08-03T18:05:00Z,Texas Rangers,Chicago White Sox,5,3,Texas Rangers
3d42a8fa4658cd5b37e2ca2f26496171,MLB,2023-08-03T18:41:02Z,Kansas City Royals,New York Mets,9,2,Kansas City Royals
dc45872f44a55565a653bb47bef52f58,MLB,2023-08-03T19:07:00Z,Toronto Blue Jays,Baltimore Orioles,1,6,Baltimore Orioles
f5ab1fdd92dac5ab200f99c80821e5cb,MLB,2023-08-03T19:45:00Z,San Francisco Giants,Arizona Diamondbacks,1,0,San Francisco Giants
5ff152c839ca46eda8644a041e239e46,MLB,2023-08-03T23:15:00Z,New York Yankees,Houston Astros,4,3,New York Yankees
db88b8ec480847f64426531278b8e00e,MLB,2023-08-03T23:15:37Z,Milwaukee Brewers,Pittsburgh Pirates,14,1,Milwaukee Brewers
0a9ce8e118c81ff73074175522187856,MLB,2023-08-03T23:45:00Z,St. Louis Cardinals,Minnesota Twins,3,5,Minnesota Twins
e13f6de598e5bb7fe45f7deb041c5911,MLB,2023-08-04T00:04:00Z,Chicago Cubs,Cincinnati Reds,5,3,Chicago Cubs
caa0253b8cdb15caad2eb8a6eb0d9a7e,MLB,2023-08-04T01:37:28Z,Los Angeles Angels,Seattle Mariners,3,5,Seattle Mariners
dae6c1818d4b8bffb9a9f7a86318b965,MLB,2023-08-04T02:10:00Z,Los Angeles Dodgers,Oakland Athletics,8,2,Los Angeles Dodgers
e38294e8eb6d6d22c33760c2f64d729f,MLB,2023-08-04T18:20:00Z,Chicago Cubs,Atlanta Braves,0,8,Atlanta Braves
2f20cf0cc299b8a406d648ef6a969106,MLB,2023-08-04T22:40:31Z,Detroit Tigers,Tampa Bay Rays,0,8,Tampa Bay Rays
c54352c0251839faf06f6be7546355ce,MLB,2023-08-04T22:40:14Z,Cincinnati Reds,Washington Nationals,3,6,Washington Nationals
e1962ef616f8f899e98503e4484c4fde,MLB,2023-08-04T23:10:00Z,Cleveland Guardians,Chicago White Sox,4,2,Cleveland Guardians
5f1f75debf7a9f804b0c76a54597b117,MLB,2023-08-04T23:10:00Z,Boston Red Sox,Toronto Blue Jays,3,7,Toronto Blue Jays
5fe00c6fc07dbbc514cb714193fa0313,MLB,2023-08-04T23:05:00Z,Philadelphia Phillies,Kansas City Royals,5,7,Kansas City Royals
f71069771e872d28246414fc961b3063,MLB,2023-08-04T23:05:00Z,Baltimore Orioles,New York Mets,10,3,Baltimore Orioles
0a1648a451e2a09984c35a8c54af0b34,MLB,2023-08-04T23:05:00Z,New York Yankees,Houston Astros,3,7,Houston Astros
0723970335be2452c8ee9a46a0ba0464,MLB,2023-08-05T00:05:00Z,Texas Rangers,Miami Marlins,6,2,Texas Rangers
284330c00249338579bf0d3cb2faa120,MLB,2023-08-05T00:10:00Z,Minnesota Twins,Arizona Diamondbacks,3,2,Minnesota Twins
98373b7b6ad03d01b25a2f08fc78dc88,MLB,2023-08-05T00:15:00Z,St. Louis Cardinals,Colorado Rockies,4,9,Colorado Rockies
0dc66af5796179e2f3c9281ba8275d96,MLB,2023-08-05T00:10:00Z,Milwaukee Brewers,Pittsburgh Pirates,4,8,Pittsburgh Pirates
15b8121ecbd7101aa1658fe77f8649db,MLB,2023-08-05T01:38:00Z,Los Angeles Angels,Seattle Mariners,7,9,Seattle Mariners
7721d6b1a844ea6351e95d52891184c1,MLB,2023-08-05T01:40:00Z,San Diego Padres,Los Angeles Dodgers,5,10,Los Angeles Dodgers
136ec4082394bec5678bec991daec689,MLB,2023-08-05T17:05:00Z,New York Yankees,Houston Astros,3,1,New York Yankees
527f9e4f25aff8f9b5bac133752bf887,MLB,2023-08-05T17:10:00Z,Detroit Tigers,Tampa Bay Rays,4,2,Detroit Tigers
f6f7b7e4df3aa4c607c46db568976db1,MLB,2023-08-05T18:20:00Z,Chicago Cubs,Atlanta Braves,8,6,Chicago Cubs
d4d63e974bd44348c93578cdb9443227,MLB,2023-08-05T20:10:00Z,Cincinnati Reds,Washington Nationals,3,7,Washington Nationals
636c46811e139e7166ed4503c7fd9355,MLB,2023-08-05T20:05:00Z,Texas Rangers,Miami Marlins,9,8,Texas Rangers
ee7e0d404fc9f2f9d43db5130c2f592c,MLB,2023-08-05T20:10:24Z,Boston Red Sox,Toronto Blue Jays,4,5,Toronto Blue Jays
e2547e3e2c029212cf08fafe12fd71c5,MLB,2023-08-05T22:08:53Z,Philadelphia Phillies,Kansas City Royals,9,6,Philadelphia Phillies
10b9869cd46e646a7ca88b4711133d7a,MLB,2023-08-05T23:05:00Z,Baltimore Orioles,New York Mets,7,3,Baltimore Orioles
e16453c3fd0700a2ee83cbae089af0ac,MLB,2023-08-05T23:07:55Z,Oakland Athletics,San Francisco Giants,2,1,Oakland Athletics
c6398176d1d98402edc86c489bc2781a,MLB,2023-08-05T23:10:00Z,Cleveland Guardians,Chicago White Sox,4,7,Chicago White Sox
babebe956ecef0e13e5fc4df9d999ee2,MLB,2023-08-05T23:10:00Z,Milwaukee Brewers,Pittsburgh Pirates,3,2,Milwaukee Brewers
2aecb9c8965407f63a7885f44bcbf3a4,MLB,2023-08-05T23:14:53Z,St. Louis Cardinals,Colorado Rockies,6,2,St. Louis Cardinals
c2d4f1fc9c2785ef03e9a7c2035c39d5,MLB,2023-08-05T23:47:27Z,Minnesota Twins,Arizona Diamondbacks,12,1,Minnesota Twins
3e27f0008f5094b7b7d76c4013d21c7c,MLB,2023-08-06T00:40:00Z,San Diego Padres,Los Angeles Dodgers,8,3,San Diego Padres
b5fbb3131d0d4f61dc17828d5a64fcfd,MLB,2023-08-06T01:07:00Z,Los Angeles Angels,Seattle Mariners,2,3,Seattle Mariners
b7fdc51cfd475aac31d15dd8ce7ba599,MLB,2023-08-06T16:05:00Z,Cleveland Guardians,Chicago White Sox,3,5,Chicago White Sox
8ff5da23afcf64fc89e5563d1398aa11,MLB,2023-08-06T17:35:00Z,Baltimore Orioles,New York Mets,2,0,Baltimore Orioles
2d5a9fa3ff489db4d53bce52b8322f29,MLB,2023-08-06T17:35:00Z,New York Yankees,Houston Astros,7,9,Houston Astros
a02fb67382f05e2e1ca9ca24eb24508f,MLB,2023-08-06T17:35:00Z,Philadelphia Phillies,Kansas City Royals,8,4,Philadelphia Phillies
609990fa8d6bfa7cea83e76b8168ca44,MLB,2023-08-06T17:37:37Z,Boston Red Sox,Toronto Blue Jays,1,13,Toronto Blue Jays
348263816cfd1fa62e6afd54c7772ef7,MLB,2023-08-06T17:40:00Z,Cincinnati Reds,Washington Nationals,3,6,Washington Nationals
e69e398dc4c0f2b8026f05f7ebd1144a,MLB,2023-08-06T17:40:00Z,Detroit Tigers,Tampa Bay Rays,6,10,Tampa Bay Rays
2056378aa339aeb7ed6b810eabff6594,MLB,2023-08-06T18:10:00Z,Milwaukee Brewers,Pittsburgh Pirates,1,4,Pittsburgh Pirates
8f14fe8cf520a1bee9d74eb43b5e1d98,MLB,2023-08-06T18:15:00Z,St. Louis Cardinals,Colorado Rockies,0,1,Colorado Rockies
ee7a3fb7c60778be19489f2ca04d190f,MLB,2023-08-06T18:20:00Z,Chicago Cubs,Atlanta Braves,6,4,Chicago Cubs
ae2567c6a7a9ce4a349658660aee7378,MLB,2023-08-06T18:35:00Z,Texas Rangers,Miami Marlins,6,0,Texas Rangers
d6bf1ac37d53222a5d3a18b8747f207f,MLB,2023-08-06T20:07:00Z,Los Angeles Angels,Seattle Mariners,2,3,Seattle Mariners
b5e023252b27a3a418da088576c9301c,MLB,2023-08-06T20:07:00Z,Oakland Athletics,San Francisco Giants,8,6,Oakland Athletics
86251c8487c5429ec9092036608991c8,MLB,2023-08-06T20:20:00Z,Minnesota Twins,Arizona Diamondbacks,5,3,Minnesota Twins
3235aa254dafeb8ad602ba0ba23ad5ca,MLB,2023-08-06T23:10:00Z,San Diego Padres,Los Angeles Dodgers,2,8,Los Angeles Dodgers
816fad8fc5b26c26b14abc39cb6e05aa,MLB,2023-08-07T20:10:00Z,San Diego Padres,Los Angeles Dodgers,7,13,Los Angeles Dodgers
b538b9164ca9dc2fc36a17c715d287bf,MLB,2023-08-07T22:40:00Z,Cincinnati Reds,Miami Marlins,5,2,Cincinnati Reds
3d9064b60d1cae3b821a76de05dbaf70,MLB,2023-08-07T22:40:20Z,Detroit Tigers,Minnesota Twins,3,9,Minnesota Twins
fb8e141481636c16da01a4a5f09f22fb,MLB,2023-08-07T23:08:03Z,Pittsburgh Pirates,Atlanta Braves,7,6,Pittsburgh Pirates
7a866f76bed81c53a69c43bd3ee53a27,MLB,2023-08-07T23:10:48Z,New York Mets,Chicago Cubs,11,2,New York Mets
03625620773e27fe8ec86897ce641c9c,MLB,2023-08-07T23:11:11Z,Cleveland Guardians,Toronto Blue Jays,1,3,Toronto Blue Jays
56f5861d4d711277666b95321e9affb1,MLB,2023-08-07T23:13:18Z,Boston Red Sox,Kansas City Royals,6,2,Boston Red Sox
611f6b98277a890092ac73df05067d62,MLB,2023-08-08T00:10:00Z,Chicago White Sox,New York Yankees,5,1,Chicago White Sox
8987dead9311d28a8a9644a86b803c8b,MLB,2023-08-08T00:10:18Z,Milwaukee Brewers,Colorado Rockies,12,1,Milwaukee Brewers
46e779ca87d961b5c36fbb168de6027e,MLB,2023-08-08T01:38:10Z,Los Angeles Angels,San Francisco Giants,3,8,San Francisco Giants
529d77d779e67f43d646615dae27ce66,MLB,2023-08-08T01:40:00Z,Oakland Athletics,Texas Rangers,3,5,Texas Rangers
8bb28b3dd94f80bcfe6d12c8437bec14,MLB,2023-08-08T20:05:00Z,Philadelphia Phillies,Washington Nationals,8,4,Philadelphia Phillies
5101db05dce055e0f3766622b76461fc,MLB,2023-08-08T22:39:00Z,Tampa Bay Rays,St. Louis Cardinals,4,2,Tampa Bay Rays
629244142f55fa21c87cf4b4d038b695,MLB,2023-08-08T22:40:00Z,Cincinnati Reds,Miami Marlins,2,3,Miami Marlins
9165f4f8f1956ed6e7aefaa7d568df9a,MLB,2023-08-08T22:40:05Z,Detroit Tigers,Minnesota Twins,6,0,Detroit Tigers
743d0524d095b50356c4fcca5667c124,MLB,2023-08-08T23:05:00Z,Pittsburgh Pirates,Atlanta Braves,6,8,Atlanta Braves
402a18551ec4c9ad1bf352bcd7b1ffb7,MLB,2023-08-08T23:05:00Z,Baltimore Orioles,Houston Astros,6,7,Houston Astros
d4cfc1317e9e1569fde75bc0fe6291e4,MLB,2023-08-08T23:10:00Z,Boston Red Sox,Kansas City Royals,3,9,Kansas City Royals
27db524a36a344991eaefb99ab87d9ef,MLB,2023-08-08T23:10:00Z,New York Mets,Chicago Cubs,2,3,Chicago Cubs
54a6f7f50dedce4e726945f1d303b510,MLB,2023-08-08T23:10:00Z,Cleveland Guardians,Toronto Blue Jays,1,0,Cleveland Guardians
ee9ec31eb3df5bb916eedb9e9cc25538,MLB,2023-08-08T23:24:27Z,Philadelphia Phillies,Washington Nationals,4,5,Washington Nationals
cb1e500ff526144112a5b51cadbc603a,MLB,2023-08-09T00:10:00Z,Chicago White Sox,New York Yankees,1,7,New York Yankees
3e7aac17879b28b9a788e70fb526aa48,MLB,2023-08-09T00:10:00Z,Milwaukee Brewers,Colorado Rockies,3,7,Colorado Rockies
d34ca4e4dc615dcac3e0c7735c13c13c,MLB,2023-08-09T01:38:00Z,Los Angeles Angels,San Francisco Giants,7,5,Los Angeles Angels
a9e2a1155f09017f4a3f2fdfca835a32,MLB,2023-08-09T01:39:50Z,Arizona Diamondbacks,Los Angeles Dodgers,4,5,Los Angeles Dodgers
c36cf7cac071c738f565afc13bf94c44,MLB,2023-08-09T01:40:00Z,Oakland Athletics,Texas Rangers,1,6,Texas Rangers
d84bd3f045a93a224e2c8a109534cf5e,MLB,2023-08-09T01:40:00Z,Seattle Mariners,San Diego Padres,2,0,Seattle Mariners
0b869c53fb6ae50c1a15131552d17070,MLB,2023-08-09T17:10:00Z,Cincinnati Reds,Miami Marlins,4,5,Miami Marlins
2027e867d484bfcc5abbb74677425eeb,MLB,2023-08-09T18:10:00Z,Milwaukee Brewers,Colorado Rockies,7,6,Milwaukee Brewers
6a2e4ed9e62b7ef509e1a45ed37d59e8,MLB,2023-08-09T19:36:43Z,Oakland Athletics,Texas Rangers,2,0,Oakland Athletics
dc89abefc3cf73454f66b680fab5fb3d,MLB,2023-08-09T22:39:00Z,Tampa Bay Rays,St. Louis Cardinals,4,6,St. Louis Cardinals
2826b975900bee8d8de4df36a4cc5746,MLB,2023-08-09T22:39:51Z,Detroit Tigers,Minnesota Twins,9,5,Detroit Tigers
3fb5443882a288e2efbc2de0e1a26453,MLB,2023-08-09T22:40:00Z,Philadelphia Phillies,Washington Nationals,7,0,Philadelphia Phillies
8bbdffd635b3aef57ab13bfe440abdda,MLB,2023-08-09T23:05:00Z,Baltimore Orioles,Houston Astros,2,8,Houston Astros
096841240c5d7349bf3253d8681d20b0,MLB,2023-08-09T23:06:32Z,Pittsburgh Pirates,Atlanta Braves,5,6,Atlanta Braves
27271e529271b7905e82269ac346cf8b,MLB,2023-08-09T23:10:00Z,Boston Red Sox,Kansas City Royals,4,3,Boston Red Sox
8573a9c3658fc729a8a71fe07beefe85,MLB,2023-08-09T23:10:00Z,Cleveland Guardians,Toronto Blue Jays,0,1,Toronto Blue Jays
c10f063d9157b09c535e14b2b46fba26,MLB,2023-08-09T23:10:40Z,New York Mets,Chicago Cubs,4,3,New York Mets
c8f68b042a8e5e6724d42b6c49ca3930,MLB,2023-08-10T00:11:31Z,Chicago White Sox,New York Yankees,9,2,Chicago White Sox
e8ab99f37c39f5cb986a97347fb7924f,MLB,2023-08-10T01:38:00Z,Los Angeles Angels,San Francisco Giants,4,1,Los Angeles Angels
c1de311cef6b3e090bacff350d643110,MLB,2023-08-10T01:40:00Z,Arizona Diamondbacks,Los Angeles Dodgers,0,2,Los Angeles Dodgers
bcbd6845ddaf9eaf1ba0a7b0b2120599,MLB,2023-08-10T01:40:00Z,Seattle Mariners,San Diego Padres,6,1,Seattle Mariners
13650a25b662c5b5b2517d24dcbd275c,MLB,2023-08-10T16:35:00Z,Pittsburgh Pirates,Atlanta Braves,7,5,Pittsburgh Pirates
850bf451b752c74e1e422312759496ea,MLB,2023-08-10T16:46:14Z,Baltimore Orioles,Houston Astros,5,4,Baltimore Orioles
daba1616d5b76afb21db45164bc9dcef,MLB,2023-08-10T17:10:00Z,Cleveland Guardians,Toronto Blue Jays,4,3,Cleveland Guardians
6a29c810ec2d3c512793e6ef734a5579,MLB,2023-08-10T17:10:00Z,Detroit Tigers,Minnesota Twins,3,0,Detroit Tigers
e879c3f1e4769e8c4eaf8e59f93ed9f2,MLB,2023-08-10T22:40:00Z,Philadelphia Phillies,Washington Nationals,6,2,Philadelphia Phillies
84af5ea1dbfc866e9561bb2b2d91c547,MLB,2023-08-10T22:40:00Z,Tampa Bay Rays,St. Louis Cardinals,2,5,St. Louis Cardinals
1deb7c461a37354f3224f284ba2684fa,MLB,2023-08-10T23:10:00Z,Boston Red Sox,Kansas City Royals,2,0,Boston Red Sox
7538490d5a28454457f0268b064856b5,MLB,2023-08-11T02:10:00Z,Los Angeles Dodgers,Colorado Rockies,2,1,Los Angeles Dodgers
4cb501a3ffbb5fa30f72272a85460bf6,MLB,2023-08-11T22:39:00Z,Tampa Bay Rays,Cleveland Guardians,9,8,Tampa Bay Rays
1f06ca9662d942979a22c92c5919604c,MLB,2023-08-11T22:40:00Z,Miami Marlins,New York Yankees,4,9,New York Yankees
b6635caf6e71bd5f5259f54b2e8b0828,MLB,2023-08-11T23:05:00Z,Pittsburgh Pirates,Cincinnati Reds,2,9,Cincinnati Reds
52e6379a6b3796e37ceea12e33f74ab3,MLB,2023-08-11T23:07:00Z,Toronto Blue Jays,Chicago Cubs,2,6,Chicago Cubs
8f95a959ff712d99fd0800700a14b109,MLB,2023-08-11T23:07:14Z,Washington Nationals,Oakland Athletics,8,2,Washington Nationals
69fca3191baf4fdd594c8f7c2a740ef9,MLB,2023-08-11T23:08:14Z,Philadelphia Phillies,Minnesota Twins,13,2,Philadelphia Phillies
d410fcb231a971748424cc763de30831,MLB,2023-08-11T23:09:00Z,New York Mets,Atlanta Braves,0,7,Atlanta Braves
728e948b18efa58b9307ad06f71ab206,MLB,2023-08-11T23:10:00Z,Boston Red Sox,Detroit Tigers,5,2,Boston Red Sox
ce68f942d4a976b930092d60ac48547b,MLB,2023-08-12T00:10:00Z,Chicago White Sox,Milwaukee Brewers,6,7,Milwaukee Brewers
965425c89f0a194e2fbfb8d9a8df9463,MLB,2023-08-12T00:10:00Z,Kansas City Royals,St. Louis Cardinals,12,8,Kansas City Royals
832a18c29ff65ca18104a7cf034e7d4c,MLB,2023-08-12T00:11:14Z,Houston Astros,Los Angeles Angels,11,3,Houston Astros
0f50a439b342b5550b17edee4a310eea,MLB,2023-08-12T01:40:02Z,Arizona Diamondbacks,San Diego Padres,5,10,San Diego Padres
22332dcedc4a86b3579490cbc8cdb2be,MLB,2023-08-12T02:11:24Z,Seattle Mariners,Baltimore Orioles,9,2,Seattle Mariners
e9a09abd07f709b058d0a5b9d0f322d8,MLB,2023-08-12T02:15:00Z,San Francisco Giants,Texas Rangers,1,2,Texas Rangers
8325ed6a26d2dc45c64e3c38939b74d8,MLB,2023-08-12T02:15:28Z,Los Angeles Dodgers,Colorado Rockies,6,1,Los Angeles Dodgers
f374279209050064d7dfbf7519d3dc08,MLB,2023-08-12T17:10:00Z,New York Mets,Atlanta Braves,3,21,Atlanta Braves
f81e5f02293f7410ea4d352e7afe95d0,MLB,2023-08-12T20:10:00Z,Miami Marlins,New York Yankees,3,1,Miami Marlins
4bbf55bf0ffa8ad59ac1759698da0251,MLB,2023-08-12T19:45:00Z,Toronto Blue Jays,Chicago Cubs,4,5,Chicago Cubs
66c556c55a8e3ca2f2d6628f43504b91,MLB,2023-08-12T20:09:49Z,Tampa Bay Rays,Cleveland Guardians,6,5,Tampa Bay Rays
b526a87295ad387f8f585e27620b3970,MLB,2023-08-12T20:10:00Z,Boston Red Sox,Detroit Tigers,2,6,Detroit Tigers
f13823972245ad82213e6ed4d76c50f6,MLB,2023-08-12T23:15:00Z,Chicago White Sox,Milwaukee Brewers,2,3,Milwaukee Brewers
78ad94ce4333540ac62b535496f75102,MLB,2023-08-12T23:15:51Z,Houston Astros,Los Angeles Angels,11,3,Houston Astros
bacdb9bc308d6addfdec45e629629c06,MLB,2023-08-12T23:05:00Z,Washington Nationals,Oakland Athletics,3,2,Washington Nationals
f31529b02e419054477b2c39365a046d,MLB,2023-08-12T23:10:00Z,Kansas City Royals,St. Louis Cardinals,4,5,St. Louis Cardinals
7df8cc13ebdc4a3b93e276e9bbe3b917,MLB,2023-08-12T22:55:00Z,Philadelphia Phillies,Minnesota Twins,1,8,Minnesota Twins
793273a5dc2a7c2dcefc1329f1806b95,MLB,2023-08-12T23:15:00Z,New York Mets,Atlanta Braves,0,6,Atlanta Braves
eb23205869f0cca74d3041572d3c7e5c,MLB,2023-08-13T00:10:00Z,Arizona Diamondbacks,San Diego Padres,3,0,Arizona Diamondbacks
34544b09097d9d5936bf982a7e256b1c,MLB,2023-08-13T01:05:00Z,San Francisco Giants,Texas Rangers,3,9,Texas Rangers
d3896a8b0e80274bb762c7b2733ed93a,MLB,2023-08-13T01:10:00Z,Los Angeles Dodgers,Colorado Rockies,4,1,Los Angeles Dodgers
2ce5d4c60d23be009064e21a361be6c3,MLB,2023-08-13T01:40:00Z,Seattle Mariners,Baltimore Orioles,0,1,Baltimore Orioles
2a01f3e17f9de2ed3b558cf827ecef58,MLB,2023-08-13T16:05:00Z,Boston Red Sox,Detroit Tigers,6,3,Boston Red Sox
018173947e999c0c062646c4ad8d55ba,MLB,2023-08-13T17:35:00Z,Pittsburgh Pirates,Cincinnati Reds,4,2,Pittsburgh Pirates
f4a5d0f4b11999acc6e76eac90730cb5,MLB,2023-08-13T17:35:00Z,Philadelphia Phillies,Minnesota Twins,0,3,Minnesota Twins
67aa46dd7f2b57219d7258e8b039af12,MLB,2023-08-13T17:40:00Z,Tampa Bay Rays,Cleveland Guardians,2,9,Cleveland Guardians
7df10febe4c85fafbc37a30a6f159d4c,MLB,2023-08-13T17:37:00Z,Toronto Blue Jays,Chicago Cubs,11,4,Toronto Blue Jays
4923b16c75fc741d20471b6a9c78f7ed,MLB,2023-08-13T17:35:50Z,Washington Nationals,Oakland Athletics,8,7,Washington Nationals
f6e37662ae796771effc8038499fbe92,MLB,2023-08-13T17:40:00Z,Miami Marlins,New York Yankees,8,7,Miami Marlins
364b578f81c0d50feaea6a9a73f808e6,MLB,2023-08-13T18:10:00Z,Chicago White Sox,Milwaukee Brewers,3,7,Milwaukee Brewers
59934628035537fc1ce1eef5e58b11d3,MLB,2023-08-13T18:10:00Z,Houston Astros,Los Angeles Angels,1,2,Los Angeles Angels
4bb8e282f3431e53e7fe6b4d21947a5a,MLB,2023-08-13T20:05:00Z,San Francisco Giants,Texas Rangers,3,2,San Francisco Giants
f76ffba4729c2c7f48d0454780f11516,MLB,2023-08-13T20:10:00Z,Los Angeles Dodgers,Colorado Rockies,8,3,Los Angeles Dodgers
ff13222fa62967f1c1ed3a41e9bb7d25,MLB,2023-08-13T20:10:33Z,Arizona Diamondbacks,San Diego Padres,5,4,Arizona Diamondbacks
840b5298d93a9b5ab4cb31365073920f,MLB,2023-08-13T20:10:00Z,Seattle Mariners,Baltimore Orioles,3,5,Baltimore Orioles
8dd4644b6186dbd0c890f7d3315d71f2,MLB,2023-08-13T22:06:26Z,Pittsburgh Pirates,Cincinnati Reds,5,6,Cincinnati Reds
4d1ac0d9b27da08776d251c1bec6108f,MLB,2023-08-13T23:10:00Z,New York Mets,Atlanta Braves,7,6,New York Mets
a2d594e3bb8b6200f675e0f4e423aeeb,MLB,2023-08-14T22:40:32Z,Miami Marlins,Houston Astros,5,1,Miami Marlins
b90652aaf50a2c9b58f6450116b2cc27,MLB,2023-08-14T23:10:00Z,New York Mets,Pittsburgh Pirates,7,2,New York Mets
8a250718f528c8f70f1a1cb91406e533,MLB,2023-08-14T23:20:03Z,Atlanta Braves,New York Yankees,11,3,Atlanta Braves
d4df3968eb4310400b80b095ef821a6a,MLB,2023-08-14T23:47:03Z,St. Louis Cardinals,Oakland Athletics,7,5,St. Louis Cardinals
7c2c00a30fbcae3e22374a0e9f21ac86,MLB,2023-08-15T00:07:09Z,Texas Rangers,Los Angeles Angels,12,0,Texas Rangers
fd1ad090d0ac25e50479cff9b65aba92,MLB,2023-08-15T00:40:00Z,Colorado Rockies,Arizona Diamondbacks,6,4,Colorado Rockies
a6a584f4453431a2838c63ab3279760f,MLB,2023-08-15T00:10:19Z,Kansas City Royals,Seattle Mariners,7,6,Kansas City Royals
3b09b0c1027dbf2172f8acaff7d9c7f1,MLB,2023-08-15T01:39:43Z,San Diego Padres,Baltimore Orioles,1,4,Baltimore Orioles
ce692180de4ef126fe0bc45a0747f490,MLB,2023-08-15T01:45:30Z,San Francisco Giants,Tampa Bay Rays,2,10,Tampa Bay Rays
6e104c6643a09badaefa6be2a6f5ca2d,MLB,2023-08-15T22:40:00Z,Cincinnati Reds,Cleveland Guardians,0,3,Cleveland Guardians
62db533fdc66879c06016600a15dcc00,MLB,2023-08-15T22:40:00Z,Miami Marlins,Houston Astros,5,6,Houston Astros
5d375be4559e63b7f3c7a927cb10c68f,MLB,2023-08-15T23:07:00Z,Toronto Blue Jays,Philadelphia Phillies,2,1,Toronto Blue Jays
930e53d6dabbff915b411fe2dcde4bfe,MLB,2023-08-15T23:20:00Z,Atlanta Braves,New York Yankees,5,0,Atlanta Braves
ca8216bba24ee690407c25978a298054,MLB,2023-08-15T23:05:00Z,Washington Nationals,Boston Red Sox,4,5,Boston Red Sox
e8944672085f00e068dcba7ccf1c9140,MLB,2023-08-15T23:40:00Z,Minnesota Twins,Detroit Tigers,5,3,Minnesota Twins
dc4890df94e7c10598017e488757c759,MLB,2023-08-15T23:10:00Z,New York Mets,Pittsburgh Pirates,4,7,Pittsburgh Pirates
61267bf7adf058eb4287b78f5f0de10f,MLB,2023-08-15T23:45:00Z,St. Louis Cardinals,Oakland Athletics,6,2,St. Louis Cardinals
2938aeec6fbf0c1f8139610788952cfc,MLB,2023-08-16T00:05:00Z,Texas Rangers,Los Angeles Angels,7,3,Texas Rangers
c17368144ab88614067c3c829ce43928,MLB,2023-08-16T00:05:00Z,Chicago Cubs,Chicago White Sox,3,5,Chicago White Sox
83a029a2ee070d3518aba42e3a8c8b20,MLB,2023-08-16T00:41:19Z,Colorado Rockies,Arizona Diamondbacks,5,8,Arizona Diamondbacks
7e721afef03fa70a1b0a04a0fdbe70b1,MLB,2023-08-16T00:10:00Z,Kansas City Royals,Seattle Mariners,8,10,Seattle Mariners
5b8e260609cf671450546a4dbf2e80d1,MLB,2023-08-16T01:42:22Z,San Diego Padres,Baltimore Orioles,10,3,San Diego Padres
c677b4f6f04e68a26b2f0bdcc8a9ecb6,MLB,2023-08-16T01:46:02Z,San Francisco Giants,Tampa Bay Rays,7,0,San Francisco Giants
2075d6cddc9a36959b3d0e4d01cad461,MLB,2023-08-16T02:10:00Z,Los Angeles Dodgers,Milwaukee Brewers,6,2,Los Angeles Dodgers
8850a9eabb170029b258eb019381f129,MLB,2023-08-16T17:10:00Z,New York Mets,Pittsburgh Pirates,8,3,New York Mets
03ab70d192ef1b83af998d56ebca587b,MLB,2023-08-16T17:10:00Z,Minnesota Twins,Detroit Tigers,7,8,Detroit Tigers
92bc66732b5cc57d304731c6499eeb25,MLB,2023-08-16T19:46:17Z,San Francisco Giants,Tampa Bay Rays,1,6,Tampa Bay Rays
4705342e437acbc9e7d1e91692ec3deb,MLB,2023-08-16T19:10:00Z,Colorado Rockies,Arizona Diamondbacks,7,9,Arizona Diamondbacks
405368d612293cef246d66fb0e59e2e5,MLB,2023-08-16T22:40:00Z,Cincinnati Reds,Cleveland Guardians,7,2,Cincinnati Reds
eb6652c9d39ca824968333b3261dfa94,MLB,2023-08-16T22:44:19Z,St. Louis Cardinals,Oakland Athletics,0,8,Oakland Athletics
a3b000aa98a5197e4a1ca54a601bc3b3,MLB,2023-08-16T23:20:03Z,Atlanta Braves,New York Yankees,2,0,Atlanta Braves
d7487366bc85a2641ec34fc61527e734,MLB,2023-08-16T22:40:00Z,Miami Marlins,Houston Astros,5,12,Houston Astros
b9f8463ab6dd238ef1c10bd3416aa8f2,MLB,2023-08-16T23:04:40Z,Washington Nationals,Boston Red Sox,6,2,Washington Nationals
f7d9866ff06b61ac05ca2b91f93c51ee,MLB,2023-08-16T23:07:00Z,Toronto Blue Jays,Philadelphia Phillies,4,9,Philadelphia Phillies
ca9ff8d7c5966dc69d4cf55e498ef737,MLB,2023-08-17T00:05:00Z,Chicago Cubs,Chicago White Sox,4,3,Chicago Cubs
79c9addd2cfcab94c9511186cbc0eb2a,MLB,2023-08-17T00:07:32Z,Texas Rangers,Los Angeles Angels,0,2,Los Angeles Angels
f815d1ed456c87e117e3daa35604ab1a,MLB,2023-08-17T00:10:49Z,Kansas City Royals,Seattle Mariners,5,6,Seattle Mariners
e3f59dd6402e69815d32205ea818fb9f,MLB,2023-08-17T00:41:12Z,San Diego Padres,Baltimore Orioles,5,2,San Diego Padres
d12f159c19d93513d49ece5c8c34ecf5,MLB,2023-08-17T02:10:14Z,Los Angeles Dodgers,Milwaukee Brewers,7,1,Los Angeles Dodgers
c3dde8a2c912262696b59320c5da405a,MLB,2023-08-17T18:10:00Z,Kansas City Royals,Seattle Mariners,4,6,Seattle Mariners
379b5fc15f9d87ba859336826cf1f470,MLB,2023-08-17T20:05:00Z,Washington Nationals,Boston Red Sox,10,7,Washington Nationals
2e01aa53ae6397417b7c7cc3013b15ce,MLB,2023-08-17T23:15:00Z,St. Louis Cardinals,New York Mets,2,4,New York Mets
d443cfc4f9b6dfefc446112c420c8999,MLB,2023-08-18T01:40:00Z,San Diego Padres,Arizona Diamondbacks,1,3,Arizona Diamondbacks
b87cf70f9ad407b8b4dde363d0e7bb1c,MLB,2023-08-18T02:10:00Z,Los Angeles Dodgers,Milwaukee Brewers,1,0,Los Angeles Dodgers
8fffc89b83a9cb2364f648fb6bfebaa6,MLB,2023-08-18T18:20:00Z,Chicago Cubs,Kansas City Royals,3,4,Kansas City Royals
9a5de2c1cd2a9e60e7eb238f6e9a3186,MLB,2023-08-18T20:10:00Z,Cleveland Guardians,Detroit Tigers,2,4,Detroit Tigers
474bc0d1475b73979a72b8558a2b0dea,MLB,2023-08-18T22:40:00Z,Cincinnati Reds,Toronto Blue Jays,1,0,Cincinnati Reds
89de3eb750a6b05845bb46460d45877d,MLB,2023-08-18T23:05:00Z,Washington Nationals,Philadelphia Phillies,8,7,Washington Nationals
49b2b0fb52f051cf1da631eb05bca879,MLB,2023-08-18T23:20:00Z,Atlanta Braves,San Francisco Giants,4,0,Atlanta Braves
7fe5c4debba79b74577231ad9efb7e25,MLB,2023-08-18T23:05:00Z,New York Yankees,Boston Red Sox,3,8,Boston Red Sox
451f0ef7c3533e62d584bb94d8a20f2a,MLB,2023-08-18T23:10:00Z,Cleveland Guardians,Detroit Tigers,4,1,Cleveland Guardians
e6eb6fde640cef7f4838fe3c42cdf36a,MLB,2023-08-19T00:09:54Z,Houston Astros,Seattle Mariners,0,2,Seattle Mariners
45b88ce2766a46cbb5409c7f99e1b5a7,MLB,2023-08-19T00:15:00Z,St. Louis Cardinals,New York Mets,1,7,New York Mets
b6375ecc4fde2c1261059816e43e72c7,MLB,2023-08-19T00:42:21Z,Colorado Rockies,Chicago White Sox,14,1,Colorado Rockies
31a1046a7f9bfacadb793ba6e2d66b78,MLB,2023-08-19T00:05:00Z,Texas Rangers,Milwaukee Brewers,8,9,Milwaukee Brewers
55e202724219bbb4b7f95b11c8f32b67,MLB,2023-08-19T00:10:00Z,Minnesota Twins,Pittsburgh Pirates,5,1,Minnesota Twins
0c489b9fd0afe7bcb07fe6583af6096b,MLB,2023-08-19T01:40:00Z,San Diego Padres,Arizona Diamondbacks,4,0,San Diego Padres
6f8a6d212afcd5cda75f81a3ae91a9c6,MLB,2023-08-19T01:38:08Z,Los Angeles Angels,Tampa Bay Rays,6,9,Tampa Bay Rays
18bb7ea976189bdbd8ac403c3c36b102,MLB,2023-08-19T01:40:00Z,Oakland Athletics,Baltimore Orioles,4,9,Baltimore Orioles
e6246249533c8b9ebdbb24dac026b09b,MLB,2023-08-19T02:10:20Z,Los Angeles Dodgers,Miami Marlins,3,11,Miami Marlins
e62347ef059a52168d2120cd14adfc17,MLB,2023-08-19T17:07:57Z,New York Yankees,Boston Red Sox,1,8,Boston Red Sox
d191af2740627c561c09c21667748a90,MLB,2023-08-19T18:20:00Z,Chicago Cubs,Kansas City Royals,6,4,Chicago Cubs
6d2c38f900854976282dd2d2593ac71b,MLB,2023-08-19T19:00:00Z,Los Angeles Dodgers,Miami Marlins,3,1,Los Angeles Dodgers
fbec87012b2b33cfb4a4df01d9779ac5,MLB,2023-08-19T19:11:45Z,San Diego Padres,Arizona Diamondbacks,4,6,Arizona Diamondbacks
c7d90054fec292554c37c67c23387650,MLB,2023-08-19T20:06:08Z,Washington Nationals,Philadelphia Phillies,3,12,Philadelphia Phillies
b8f0fdb4de3a24d1cec8ea6a98072b8e,MLB,2023-08-19T20:08:16Z,Los Angeles Angels,Tampa Bay Rays,7,6,Los Angeles Angels
262ef6fb3adec1d3eda565eeea369c74,MLB,2023-08-19T20:05:00Z,Texas Rangers,Milwaukee Brewers,1,6,Milwaukee Brewers
397d6a79cb7ef5dae5703ddccf0e92bc,MLB,2023-08-19T22:40:00Z,Cincinnati Reds,Toronto Blue Jays,3,4,Toronto Blue Jays
d8ce791cef77e4424d458557db042546,MLB,2023-08-19T23:20:00Z,Atlanta Braves,San Francisco Giants,6,5,Atlanta Braves
4132c3e05fa049dab5354c3be0885471,MLB,2023-08-19T23:10:00Z,Cleveland Guardians,Detroit Tigers,3,4,Detroit Tigers
ac0ab0006779a0098baf34b3299f5ade,MLB,2023-08-19T23:10:00Z,Houston Astros,Seattle Mariners,3,10,Seattle Mariners
76c658bc4b4b3f4982d39b2d9f57acd7,MLB,2023-08-19T23:16:27Z,St. Louis Cardinals,New York Mets,2,13,New York Mets
b13f345b52d86a7cd55baf6088b3dfac,MLB,2023-08-19T23:10:00Z,Minnesota Twins,Pittsburgh Pirates,4,7,Pittsburgh Pirates
e30b8b0059c8ddb993040be0ce1912b6,MLB,2023-08-20T00:10:00Z,Colorado Rockies,Chicago White Sox,11,5,Colorado Rockies
82bee93bd45befb89eeaf594bbe637be,MLB,2023-08-20T00:40:00Z,San Diego Padres,Arizona Diamondbacks,1,8,Arizona Diamondbacks
582c33bea592d504065d1324d3f27c73,MLB,2023-08-20T01:07:00Z,Oakland Athletics,Baltimore Orioles,2,7,Baltimore Orioles
178cf16df439d47a9abea0a0259dde06,MLB,2023-08-20T01:07:28Z,Los Angeles Angels,Tampa Bay Rays,4,18,Tampa Bay Rays
7b9530e8855d981aaadbfe61c8ac64d9,MLB,2023-08-20T01:10:00Z,Los Angeles Dodgers,Miami Marlins,3,1,Los Angeles Dodgers
5e19f5273c6ff5f6f469938d697f424b,MLB,2023-08-20T17:05:40Z,Houston Astros,Seattle Mariners,6,7,Seattle Mariners
3a28c8135301aa989e4a0a89185ff9c2,MLB,2023-08-20T17:40:00Z,Cincinnati Reds,Toronto Blue Jays,3,10,Toronto Blue Jays
a1a63534980423b48bcaf4549159f960,MLB,2023-08-20T17:40:00Z,Cleveland Guardians,Detroit Tigers,1,4,Detroit Tigers
b75110cd4fd6fe4208a3091e00580194,MLB,2023-08-20T18:20:00Z,Chicago Cubs,Kansas City Royals,4,3,Chicago Cubs
b221d74b7163ba574b83b66829b8ddc8,MLB,2023-08-20T18:10:00Z,Minnesota Twins,Pittsburgh Pirates,2,0,Minnesota Twins
95b12c34c29b4cab5694ee80932a13b0,MLB,2023-08-20T17:35:00Z,Atlanta Braves,San Francisco Giants,3,4,San Francisco Giants
a4ef9931c230cfb4062ec5b58fdd71c4,MLB,2023-08-20T17:35:00Z,New York Yankees,Boston Red Sox,5,6,Boston Red Sox
abf104a920e48954b6d36320c8da9bcc,MLB,2023-08-20T18:15:00Z,St. Louis Cardinals,New York Mets,7,3,St. Louis Cardinals
06175452d378f0b3d64f60d0194d91b3,MLB,2023-08-20T18:35:00Z,Texas Rangers,Milwaukee Brewers,2,6,Milwaukee Brewers
ddb5e30361ab12ed7c0cc2f643c05c22,MLB,2023-08-20T19:10:00Z,Colorado Rockies,Chicago White Sox,5,10,Chicago White Sox
50151b4d134e2baf3595d3d4502934d0,MLB,2023-08-20T20:08:41Z,Oakland Athletics,Baltimore Orioles,1,12,Baltimore Orioles
2d75c0b58a11253dd5dd8b9bfb0bf8ee,MLB,2023-08-20T23:10:00Z,Washington Nationals,Philadelphia Phillies,4,3,Washington Nationals
0353a0f46020b854f613ee359371ed7c,MLB,2023-08-21T22:40:50Z,Philadelphia Phillies,San Francisco Giants,10,4,Philadelphia Phillies
1c1cbfaa6afde58deb8e480f251c253e,MLB,2023-08-21T22:39:51Z,Detroit Tigers,Chicago Cubs,6,7,Chicago Cubs
f2e9ee55af17cacc26bc781d490d0f4f,MLB,2023-08-21T23:05:00Z,Pittsburgh Pirates,St. Louis Cardinals,11,1,Pittsburgh Pirates
94d9dbff856a3e67ac6b2e627dd3f7db,MLB,2023-08-21T23:20:00Z,Atlanta Braves,New York Mets,4,10,New York Mets
fe1ddb393034c4409d761760d3032081,MLB,2023-08-22T00:10:00Z,Houston Astros,Boston Red Sox,9,4,Houston Astros
9f0018538e8086604119e42f492bc49e,MLB,2023-08-22T00:10:27Z,Chicago White Sox,Seattle Mariners,2,14,Seattle Mariners
1671c5593ec1ff8facb4057fef7ea049,MLB,2023-08-22T01:40:00Z,San Diego Padres,Miami Marlins,6,2,San Diego Padres
0925418b018649e1e7e78449b7849e02,MLB,2023-08-22T01:41:00Z,Oakland Athletics,Kansas City Royals,6,4,Oakland Athletics
f5588c176e2d4490520810735082bdd9,MLB,2023-08-22T01:39:58Z,Arizona Diamondbacks,Texas Rangers,4,3,Arizona Diamondbacks
473352dec8f6fe1d2cacf1e2b3db81db,MLB,2023-08-22T22:40:00Z,Detroit Tigers,Chicago Cubs,8,6,Detroit Tigers
319d7fdb62317cde3815e0009e331e8a,MLB,2023-08-22T22:40:00Z,Tampa Bay Rays,Colorado Rockies,12,4,Tampa Bay Rays
cd24cb9d8b7895d933d5d6666a29ab40,MLB,2023-08-22T22:40:00Z,Philadelphia Phillies,San Francisco Giants,4,3,Philadelphia Phillies
e4f2d7f34ff7dd8908d7c699c35bb399,MLB,2023-08-22T23:05:00Z,New York Yankees,Washington Nationals,1,2,Washington Nationals
6beee4d4b889051b26e235ac72db8b87,MLB,2023-08-22T23:10:00Z,Cleveland Guardians,Los Angeles Dodgers,8,3,Cleveland Guardians
e3ef3d7c0c638732ba482b6a7cc43608,MLB,2023-08-22T23:05:00Z,Pittsburgh Pirates,St. Louis Cardinals,6,3,Pittsburgh Pirates
49da1076d190e19b1c7e58ca4bbf7198,MLB,2023-08-22T23:05:00Z,Baltimore Orioles,Toronto Blue Jays,3,6,Toronto Blue Jays
9e1a8334c84bef10d593025d2236ebf3,MLB,2023-08-22T23:20:00Z,Atlanta Braves,New York Mets,3,2,Atlanta Braves
0bb7c32dada38741602b451544257613,MLB,2023-08-23T00:10:00Z,Milwaukee Brewers,Minnesota Twins,7,3,Milwaukee Brewers
de40360dbf18c8d2bb0040b2ced459c9,MLB,2023-08-23T00:10:00Z,Houston Astros,Boston Red Sox,7,3,Houston Astros
15852dbb55f71122a375e6d45304fcec,MLB,2023-08-23T00:10:00Z,Chicago White Sox,Seattle Mariners,3,6,Seattle Mariners
5706283c1bdd34855c027047178f75ad,MLB,2023-08-23T01:38:00Z,Los Angeles Angels,Cincinnati Reds,3,4,Cincinnati Reds
0b67c5cf81f618265e55750db1fa3759,MLB,2023-08-23T01:40:00Z,Arizona Diamondbacks,Texas Rangers,6,3,Arizona Diamondbacks
59b22fe2c6e12dd71c52a015f3913e33,MLB,2023-08-23T01:40:00Z,Oakland Athletics,Kansas City Royals,5,4,Oakland Athletics
eb16e148f96e981e182cfbf849f69773,MLB,2023-08-23T01:40:45Z,San Diego Padres,Miami Marlins,0,3,Miami Marlins
ec0ccddbec5830dda2ace47570b53bc9,MLB,2023-08-23T17:44:00Z,Detroit Tigers,Chicago Cubs,4,6,Chicago Cubs
3da2cc1a7386f81a7b633d7be9e2424a,MLB,2023-08-23T16:36:56Z,Pittsburgh Pirates,St. Louis Cardinals,4,6,St. Louis Cardinals
35280fe007325f02847ae6602644a5ff,MLB,2023-08-23T18:10:38Z,Chicago White Sox,Seattle Mariners,5,4,Chicago White Sox
3f6e7ce034af9ea1b32b22296f63d76c,MLB,2023-08-23T18:10:00Z,Milwaukee Brewers,Minnesota Twins,8,7,Milwaukee Brewers
a299d523f82205b8703a3f4596d03ab4,MLB,2023-08-23T19:37:00Z,Oakland Athletics,Kansas City Royals,0,4,Kansas City Royals
5676097f34a32530ab7e294061d4fc5e,MLB,2023-08-23T20:07:00Z,Los Angeles Angels,Cincinnati Reds,4,9,Cincinnati Reds
26f2311e753f55eccc275f4458af7dee,MLB,2023-08-23T20:10:00Z,San Diego Padres,Miami Marlins,4,0,San Diego Padres
5a55e23e5bf1e96a464e3e6866508b84,MLB,2023-08-23T20:05:00Z,Philadelphia Phillies,San Francisco Giants,6,8,San Francisco Giants
cc8c25a5ed2a9b79bd7a4256e63739d6,MLB,2023-08-23T22:40:00Z,Tampa Bay Rays,Colorado Rockies,6,5,Tampa Bay Rays
e6e48554254deb742e9853e2e08c5127,MLB,2023-08-23T23:05:00Z,Baltimore Orioles,Toronto Blue Jays,7,0,Baltimore Orioles
47cf37d54774af83df38b6f3cd51dadf,MLB,2023-08-23T23:05:00Z,New York Yankees,Washington Nationals,9,1,New York Yankees
e4df8280fbac2f9e48cafbdcf0fac633,MLB,2023-08-23T23:20:00Z,Atlanta Braves,New York Mets,7,0,Atlanta Braves
f1a3d04473bdc1961f20abbd53a3890f,MLB,2023-08-24T00:10:00Z,Houston Astros,Boston Red Sox,5,7,Boston Red Sox
400305f2f20d2a8e115ca87c7061ebf6,MLB,2023-08-24T01:39:19Z,Los Angeles Angels,Cincinnati Reds,3,7,Cincinnati Reds
7bb736b77d1305880a3b99aee8503839,MLB,2023-08-23T23:10:00Z,Cleveland Guardians,Los Angeles Dodgers,1,6,Los Angeles Dodgers
84a4ec511f82a8b9a5a1312427644a53,MLB,2023-08-24T17:10:00Z,Tampa Bay Rays,Colorado Rockies,5,3,Tampa Bay Rays
62bbdc8db7d170b20e8212f629e6e0b1,MLB,2023-08-24T17:05:00Z,New York Yankees,Washington Nationals,5,6,Washington Nationals
004ba3cbd68cb0aba04ba03075f17ede,MLB,2023-08-24T18:10:22Z,Houston Astros,Boston Red Sox,1,17,Boston Red Sox
1ffa24aa44ca14f1798f50a69d511aa9,MLB,2023-08-24T20:20:00Z,Cleveland Guardians,Los Angeles Dodgers,3,9,Los Angeles Dodgers
263b9db102f8daa2c239caef15638085,MLB,2023-08-24T23:05:00Z,Pittsburgh Pirates,Chicago Cubs,4,5,Chicago Cubs
7cd0f91213cfdedf345535af4915ee0b,MLB,2023-08-24T23:10:00Z,Minnesota Twins,Texas Rangers,7,5,Minnesota Twins
6f8b744251feea6e1a82db2420c71b37,MLB,2023-08-25T00:10:00Z,Chicago White Sox,Oakland Athletics,5,8,Oakland Athletics
9058b5afca00bb2e36b43ef0a8e4f4cf,MLB,2023-08-25T00:15:09Z,Baltimore Orioles,Toronto Blue Jays,5,3,Baltimore Orioles
a3a4af3bcd8c3aa372eb76e5e5ef7985,MLB,2023-08-25T01:39:00Z,Arizona Diamondbacks,Cincinnati Reds,3,2,Arizona Diamondbacks
db3a152a6d8a3cb9e7c7d66e7824c7b7,MLB,2023-08-25T22:39:55Z,Tampa Bay Rays,New York Yankees,2,6,New York Yankees
dfca81cc7ef3d2a0bc9685feb8347e51,MLB,2023-08-25T23:05:00Z,Pittsburgh Pirates,Chicago Cubs,2,1,Pittsburgh Pirates
a93bcf575a3fc9f64137acdef903f4af,MLB,2023-08-25T22:39:00Z,Detroit Tigers,Houston Astros,4,1,Detroit Tigers
e618d1fec1a00dc07433641202db7cee,MLB,2023-08-25T23:05:00Z,Baltimore Orioles,Colorado Rockies,5,4,Baltimore Orioles
ad5424eedea3b698150f2936d3b1f158,MLB,2023-08-25T23:05:00Z,Philadelphia Phillies,St. Louis Cardinals,7,2,Philadelphia Phillies
a133be2cc9a59305a520675f61b7c107,MLB,2023-08-25T22:40:00Z,Miami Marlins,Washington Nationals,4,7,Washington Nationals
8b861ff06798015f21b7256ab41b04fd,MLB,2023-08-25T23:07:00Z,Toronto Blue Jays,Cleveland Guardians,2,5,Cleveland Guardians
96e9546bfc89d8e8a513e9d0e778159a,MLB,2023-08-25T23:10:00Z,Boston Red Sox,Los Angeles Dodgers,4,7,Los Angeles Dodgers
b8154e53835d4dc529601851f9b174c4,MLB,2023-08-25T23:10:20Z,Chicago White Sox,Oakland Athletics,4,12,Oakland Athletics
66a067b3db0a23c4eabc4c4c7524014f,MLB,2023-08-25T23:10:45Z,New York Mets,Los Angeles Angels,1,3,Los Angeles Angels
1fc0bc7149b345407dccb2219459a676,MLB,2023-08-26T00:11:24Z,Minnesota Twins,Texas Rangers,12,2,Minnesota Twins
acd6856ee0a5d2cff0e7661f4b8e9bc0,MLB,2023-08-26T00:10:42Z,Milwaukee Brewers,San Diego Padres,7,3,Milwaukee Brewers
7b36bec2ca194451e0361a42a7118caa,MLB,2023-08-26T01:40:08Z,Arizona Diamondbacks,Cincinnati Reds,10,8,Arizona Diamondbacks
4d8f5f45e931b042d56d439613e531fd,MLB,2023-08-26T02:15:00Z,San Francisco Giants,Atlanta Braves,1,5,Atlanta Braves
0d9798699fd0ec1c8404133b6f318946,MLB,2023-08-26T02:10:00Z,Seattle Mariners,Kansas City Royals,7,5,Seattle Mariners
16c4e838151ac74d16e849f6ea6263e5,MLB,2023-08-26T19:07:00Z,Toronto Blue Jays,Cleveland Guardians,8,3,Toronto Blue Jays
bc10422a499995db61cc39b6c0673851,MLB,2023-08-26T20:10:46Z,Seattle Mariners,Kansas City Royals,15,2,Seattle Mariners
b56fbeaa95ffae5116dbf03524daec19,MLB,2023-08-26T20:10:00Z,Miami Marlins,Washington Nationals,2,3,Washington Nationals
f827b6be152b980c72745be3e46c9ce3,MLB,2023-08-26T20:05:00Z,San Francisco Giants,Atlanta Braves,3,7,Atlanta Braves
09628a158e26582f1117f6f1eee26bca,MLB,2023-08-26T20:30:00Z,Tampa Bay Rays,New York Yankees,3,0,Tampa Bay Rays
d15f325c96bf19d28a261a8b5a6c01c9,MLB,2023-08-26T20:10:00Z,Boston Red Sox,Los Angeles Dodgers,8,5,Boston Red Sox
ded0fdf7233b862979dc65884bb230fb,MLB,2023-08-26T22:10:00Z,Detroit Tigers,Houston Astros,2,9,Houston Astros
82dfde671854e5d8dc29877a6abdeba1,MLB,2023-08-26T23:05:00Z,Baltimore Orioles,Colorado Rockies,5,4,Baltimore Orioles
62483ce2e8a789ae33968e88ec62b7bd,MLB,2023-08-26T23:10:00Z,Chicago White Sox,Oakland Athletics,6,2,Chicago White Sox
6c1a334ff6862014db18f08306a61066,MLB,2023-08-26T23:10:00Z,New York Mets,Los Angeles Angels,3,5,Los Angeles Angels
f7f44f41107d70ef1b8a2e2f736280f0,MLB,2023-08-26T23:10:00Z,Milwaukee Brewers,San Diego Padres,5,4,Milwaukee Brewers
234d8e520288e41c72d7203d7e47433c,MLB,2023-08-26T23:15:00Z,Pittsburgh Pirates,Chicago Cubs,6,10,Chicago Cubs
1aa11624000e73e8a5a5b0c4ccf40148,MLB,2023-08-26T23:15:47Z,Philadelphia Phillies,St. Louis Cardinals,12,1,Philadelphia Phillies
724fb8c4794fa1c42b42a8da5a930afa,MLB,2023-08-26T23:16:16Z,Minnesota Twins,Texas Rangers,2,6,Texas Rangers
9bcd7e7112102886204c2339760e1dc9,MLB,2023-08-27T00:10:00Z,Arizona Diamondbacks,Cincinnati Reds,7,8,Cincinnati Reds
44452ec47cc5491c79f6fe5a3f27d6fc,MLB,2023-08-27T16:05:00Z,New York Mets,Los Angeles Angels,3,2,New York Mets
2bd675630f86f218d7297d29809b6399,MLB,2023-08-27T17:40:00Z,Miami Marlins,Washington Nationals,2,1,Miami Marlins
2655a4488c0f73ddca5877bd8c782fb1,MLB,2023-08-27T17:35:00Z,Baltimore Orioles,Colorado Rockies,3,4,Colorado Rockies
77f4b57f4f555133c144c7ffe9789758,MLB,2023-08-27T17:35:00Z,Boston Red Sox,Los Angeles Dodgers,4,7,Los Angeles Dodgers
708105da9ddfc5d166485251a7af1a64,MLB,2023-08-27T17:35:00Z,Pittsburgh Pirates,Chicago Cubs,1,10,Chicago Cubs
e989646f8d088832e695ed77e990973b,MLB,2023-08-27T17:35:00Z,Philadelphia Phillies,St. Louis Cardinals,3,0,Philadelphia Phillies
336c5071677f4d718b6e2916c01833c4,MLB,2023-08-27T17:39:46Z,Tampa Bay Rays,New York Yankees,7,4,Tampa Bay Rays
78b619ccd7f79d08c918ab22db48474d,MLB,2023-08-27T17:40:21Z,Detroit Tigers,Houston Astros,4,17,Houston Astros
779aa8088c5c4be23596a1a7e2934e78,MLB,2023-08-27T18:11:16Z,Chicago White Sox,Oakland Athletics,6,1,Chicago White Sox
ecbc90bfbdb0c3b0522be2c8abc1bc45,MLB,2023-08-27T17:37:00Z,Toronto Blue Jays,Cleveland Guardians,7,10,Cleveland Guardians
307652958a30e53c8e3ce85d0704dc51,MLB,2023-08-27T18:10:00Z,Milwaukee Brewers,San Diego Padres,10,6,Milwaukee Brewers
0c640e5670cabd7d3398dd8b97fe178e,MLB,2023-08-27T18:11:02Z,Minnesota Twins,Texas Rangers,7,6,Minnesota Twins
378b5a9685713853209df5d3eb3a6492,MLB,2023-08-27T20:10:00Z,Arizona Diamondbacks,Cincinnati Reds,5,2,Arizona Diamondbacks
01016b32f776fa665f629fee4297dbbe,MLB,2023-08-27T20:10:00Z,Seattle Mariners,Kansas City Royals,3,2,Seattle Mariners
dbea2d7758364a4fee9cd9736ac6a164,MLB,2023-08-27T23:10:00Z,San Francisco Giants,Atlanta Braves,8,5,San Francisco Giants
f8187b6a1876abd189dd071fed8e21f0,MLB,2023-08-28T22:40:00Z,Detroit Tigers,New York Yankees,1,4,New York Yankees
ec868c8e1f42792820cdfa3c2b0c5394,MLB,2023-08-28T22:40:00Z,Philadelphia Phillies,Los Angeles Angels,6,4,Philadelphia Phillies
ee5e10837566b05c7ce896af5c3ed261,MLB,2023-08-28T23:05:00Z,Baltimore Orioles,Chicago White Sox,9,0,Baltimore Orioles
0395ea172f3bd303606be2cd70e05a3a,MLB,2023-08-28T23:07:00Z,Toronto Blue Jays,Washington Nationals,6,3,Toronto Blue Jays
cf2c63cb42dd02c4d5b9407d47fa0a7c,MLB,2023-08-28T23:10:00Z,New York Mets,Texas Rangers,3,4,Texas Rangers
ad093b0e27744389d18acbc1b700a380,MLB,2023-08-28T23:11:35Z,Boston Red Sox,Houston Astros,5,13,Houston Astros
6436a17e9e16e80462f135d137e50cde,MLB,2023-08-28T23:40:00Z,Minnesota Twins,Cleveland Guardians,10,6,Minnesota Twins
5a5e21b2b373e56e0c3af22a96b6177d,MLB,2023-08-28T23:45:00Z,St. Louis Cardinals,San Diego Padres,1,4,San Diego Padres
168fb10b5187ac4d1d3436fd93bc1b79,MLB,2023-08-29T00:05:00Z,Chicago Cubs,Milwaukee Brewers,2,6,Milwaukee Brewers
5915b5fd39bd6ad4514653a8acea886d,MLB,2023-08-29T00:10:00Z,Kansas City Royals,Pittsburgh Pirates,0,5,Pittsburgh Pirates
6e1ff880425f7c8962279adba6c1b0f7,MLB,2023-08-29T00:40:41Z,Colorado Rockies,Atlanta Braves,4,14,Atlanta Braves
51eeb8b490b02ca6a2b2891d4aeeb407,MLB,2023-08-29T01:40:00Z,Seattle Mariners,Oakland Athletics,7,0,Seattle Mariners
0983b64f7a5202261ecb6fc6ff6578b7,MLB,2023-08-29T01:45:00Z,San Francisco Giants,Cincinnati Reds,4,1,San Francisco Giants
773ea52d33e95dc81679d5100dba969c,MLB,2023-08-29T02:10:00Z,Los Angeles Dodgers,Arizona Diamondbacks,7,4,Los Angeles Dodgers
1946b488fadcce89dac3ea54d7c1c57c,MLB,2023-08-29T22:40:00Z,Detroit Tigers,New York Yankees,2,4,New York Yankees
0ab0a6de983ab2f31d5ec34b7df791d2,MLB,2023-08-29T22:40:25Z,Miami Marlins,Tampa Bay Rays,2,11,Tampa Bay Rays
b6c6ab09f63a785411d5f65609fe229f,MLB,2023-08-29T22:41:42Z,Philadelphia Phillies,Los Angeles Angels,12,7,Philadelphia Phillies
047965c8a997ace8f4d0ab240e376360,MLB,2023-08-29T23:05:55Z,Baltimore Orioles,Chicago White Sox,9,3,Baltimore Orioles
501c5bd02fff36a452f742e14fe4276a,MLB,2023-08-29T23:07:00Z,Toronto Blue Jays,Washington Nationals,4,5,Washington Nationals
7af387cbf91e9162c3d3d199d890189e,MLB,2023-08-29T23:10:00Z,Boston Red Sox,Houston Astros,2,6,Houston Astros
4af21cecce5985e95590a9f2fb85d77a,MLB,2023-08-29T23:10:00Z,New York Mets,Texas Rangers,1,2,Texas Rangers
1c8c18a78461ff7be93e83fa9f646320,MLB,2023-08-29T23:40:00Z,Minnesota Twins,Cleveland Guardians,2,4,Cleveland Guardians
0f1aad2fc4565c1b9aafc50b5e867de3,MLB,2023-08-29T23:45:00Z,St. Louis Cardinals,San Diego Padres,6,5,St. Louis Cardinals
8777aa57a2e74466f84e3586ad4f2101,MLB,2023-08-30T00:05:00Z,Chicago Cubs,Milwaukee Brewers,1,0,Chicago Cubs
116a92c423b1490b2ce7b90c6971b454,MLB,2023-08-30T00:10:00Z,Kansas City Royals,Pittsburgh Pirates,3,6,Pittsburgh Pirates
1f460c00777eb0712be2a154a5bca0fa,MLB,2023-08-30T00:40:00Z,Colorado Rockies,Atlanta Braves,1,3,Atlanta Braves
eb7193d4ebb12ed18308ce2986100220,MLB,2023-08-30T01:40:00Z,Seattle Mariners,Oakland Athletics,1,3,Oakland Athletics
ac99b2e4fdb9389502537874afda10d5,MLB,2023-08-30T01:45:00Z,San Francisco Giants,Cincinnati Reds,6,1,San Francisco Giants
2eac91a7476e584b74ba04ae210ea24a,MLB,2023-08-30T02:10:00Z,Los Angeles Dodgers,Arizona Diamondbacks,9,1,Los Angeles Dodgers
aa281fa73af95f5b76b976e78b15de2f,MLB,2023-08-30T17:05:00Z,Baltimore Orioles,Chicago White Sox,5,10,Chicago White Sox
1ab63bc596efcbdf77bbeb14406640a5,MLB,2023-08-30T17:05:00Z,Philadelphia Phillies,Los Angeles Angels,8,10,Los Angeles Angels
b3a4f47ae3d8e88f7138b20164bc49c8,MLB,2023-08-30T17:10:00Z,Minnesota Twins,Cleveland Guardians,2,5,Cleveland Guardians
a11b501c88fa8775352412f5d24c17c1,MLB,2023-08-30T18:20:00Z,Chicago Cubs,Milwaukee Brewers,3,2,Chicago Cubs
3d3e79f57e5a109196cdbf415e672f1a,MLB,2023-08-30T18:15:00Z,St. Louis Cardinals,San Diego Padres,5,4,St. Louis Cardinals
fed89e8b8b7f617fe142fadeea147643,MLB,2023-08-30T19:07:00Z,Toronto Blue Jays,Washington Nationals,7,0,Toronto Blue Jays
41899e5fd2a4d4de83569321e52fc69c,MLB,2023-08-30T19:45:00Z,San Francisco Giants,Cincinnati Reds,1,4,Cincinnati Reds
8bdd78805c9a5727638f611d52416acc,MLB,2023-08-30T20:10:00Z,Seattle Mariners,Oakland Athletics,5,4,Seattle Mariners
808b8912eb01b4c27e38820ca5e7c50a,MLB,2023-08-30T20:10:00Z,Boston Red Sox,Houston Astros,4,7,Houston Astros
bf81890221f64e880add9f9534129bca,MLB,2023-08-30T22:40:00Z,Detroit Tigers,New York Yankees,2,6,New York Yankees
09ef921f97c25a51514ce7107f5b4f40,MLB,2023-08-30T22:40:00Z,Miami Marlins,Tampa Bay Rays,0,3,Tampa Bay Rays
6e8523299903bd6814dbddc58f39c84e,MLB,2023-08-30T22:40:00Z,New York Mets,Texas Rangers,6,5,New York Mets
64b743a50a98835a1eb1e7310a3468f7,MLB,2023-08-31T00:10:00Z,Kansas City Royals,Pittsburgh Pirates,1,4,Pittsburgh Pirates
f91d6398438dff1eaee58e6832a80d08,MLB,2023-08-31T00:39:35Z,Colorado Rockies,Atlanta Braves,3,7,Atlanta Braves
59d87cc81905bacafe3ac58c75063533,MLB,2023-08-31T02:10:00Z,Los Angeles Dodgers,Arizona Diamondbacks,7,0,Los Angeles Dodgers
56203c28cfa0cd908068eb581f9494d9,MLB,2023-08-31T17:10:00Z,Detroit Tigers,New York Yankees,4,3,Detroit Tigers
b8969f116551c2d512c3978001c4c902,MLB,2023-08-31T23:05:00Z,Washington Nationals,Miami Marlins,1,6,Miami Marlins
809a0009d3b4904f37c24c1b24c64c0a,MLB,2023-09-01T01:40:00Z,San Diego Padres,San Francisco Giants,2,7,San Francisco Giants
505637b00338fcd884b24a8da85c7e43,MLB,2023-09-01T02:10:00Z,Los Angeles Dodgers,Atlanta Braves,7,8,Atlanta Braves
4f1b1c4aea5097ee323a56d6011d1ad7,MLB,2023-09-01T17:10:41Z,Cincinnati Reds,Chicago Cubs,2,6,Chicago Cubs
