sport_title,game_id,home_team,away_team,market,wager,value,average_market_odds,highest_bettable_odds,other_average_market_odds,no_vig_prob_1,ev,snapshot_time,sportsbooks_used,game_date,sport_title_display,sport_league_display,market_display,wager_display,betonlineag,betmgm,betrivers,betus,bovada,draftkings,fanduel,lowvig,mybookieag,pointsbetus,superbook,twinspires,unibet_us,williamhill_us,wynnbet,betparx,espnbet,fliff,sisportsbook,tipico_us,windcreek,betfair_ex_uk,betfair_sb_uk,betvictor,betway,boylesports,casumo,coral,grosvenor,ladbrokes_uk,leovegas,livescorebet,matchbook,mrgreen,paddypower,skybet,unibet_uk,virginbet,williamhill,onexbet,sport888,betclic,betfair_ex_eu,betsson,coolbet,everygame,livescorebet_eu,marathonbet,nordicbet,pinnacle,suprabets,unibet_eu,betfair_ex_au,betr_au,bluebet,ladbrokes_au,neds,playup,pointsbetau,sportsbet,tab,topsport,unibet
icehockey_nhl,c0057a66ad0633e11130f836fda1d99a,Arizona Coyotes,Detroit Red Wings,alternate_spreads,Detroit Red Wings_-3.5,-3.5,7.375,8.5,1.08,0.1277350680070964,8.574807806031925,2024-03-08 13:38:18.406955,['Fanduel'],2024-03-09T02:00:00Z,Ice Hockey,NHL,Spread,Detroit Red Wings -3.5,0.0,7.0,7.0,0.0,0.0,0.0,8.5,0.0,0.0,0.0,0.0,0,7.0,0.0,0.0,0,0,0,0,0,0,0,0,0,0,0,0,0,0,0,0,0,0,0,0,0,0,0,0,0,0,0,0,0,0,0,0,0,0,0,0,0,0,0,0,0,0,0,0,0,0,0,0
icehockey_nhl,c0057a66ad0633e11130f836fda1d99a,Arizona Coyotes,Detroit Red Wings,alternate_spreads,Arizona Coyotes_-3.5,-3.5,10.425,11.6,1.04,0.0907108591365024,5.224596598342779,2024-03-08 13:38:18.406955,['Fanduel'],2024-03-09T02:00:00Z,Ice Hockey,NHL,Spread,Arizona Coyotes -3.5,0.0,9.25,0.0,0.0,0.0,0.0,11.6,0.0,0.0,0.0,0.0,0,0.0,0.0,0.0,0,0,0,0,0,0,0,0,0,0,0,0,0,0,0,0,0,0,0,0,0,0,0,0,0,0,0,0,0,0,0,0,0,0,0,0,0,0,0,0,0,0,0,0,0,0,0,0
icehockey_nhl,c0057a66ad0633e11130f836fda1d99a,Arizona Coyotes,Detroit Red Wings,alternate_spreads,Arizona Coyotes_-1.5,-1.5,3.587142857142857,3.9,1.2785714285714285,0.2627715795654727,2.4809160305343525,2024-03-08 13:38:18.406955,"['Betrivers', 'Unibet_Us']",2024-03-09T02:00:00Z,Ice Hockey,NHL,Spread,Arizona Coyotes -1.5,0.0,3.4,3.9,0.0,3.5,3.55,3.5,0.0,0.0,0.0,0.0,0,3.9,3.36,0.0,0,0,0,0,0,0,0,0,0,0,0,0,0,0,0,0,0,0,0,0,0,0,0,0,0,0,0,0,0,0,0,0,0,0,0,0,0,0,0,0,0,0,0,0,0,0,0,0
icehockey_nhl,c0057a66ad0633e11130f836fda1d99a,Arizona Coyotes,Detroit Red Wings,alternate_totals,Under_3.5,3.5,7.025000000000001,7.8,1.085,0.1337854500616522,4.352651048088763,2024-03-08 13:38:18.735394,['Fanduel'],2024-03-09T02:00:00Z,Ice Hockey,NHL,Game Total,Under +3.5,0.0,6.25,0.0,0.0,0.0,0.0,7.8,0.0,0.0,0.0,0.0,0,0.0,0.0,0.0,0,0,0,0,0,0,0,0,0,0,0,0,0,0,0,0,0,0,0,0,0,0,0,0,0,0,0,0,0,0,0,0,0,0,0,0,0,0,0,0,0,0,0,0,0,0,0,0
icehockey_nhl,c0057a66ad0633e11130f836fda1d99a,Arizona Coyotes,Detroit Red Wings,alternate_totals,Over_9.5,9.5,7.75,8.5,1.0750000000000002,0.1218130311614731,3.5410764872521483,2024-03-08 13:38:18.735394,['Fanduel'],2024-03-09T02:00:00Z,Ice Hockey,NHL,Game Total,Over +9.5,0.0,7.0,0.0,0.0,0.0,0.0,8.5,0.0,0.0,0.0,0.0,0,0.0,0.0,0.0,0,0,0,0,0,0,0,0,0,0,0,0,0,0,0,0,0,0,0,0,0,0,0,0,0,0,0,0,0,0,0,0,0,0,0,0,0,0,0,0,0,0,0,0,0,0,0,0
icehockey_nhl,c0057a66ad0633e11130f836fda1d99a,Arizona Coyotes,Detroit Red Wings,player_points,Moritz Seider_Over_1.5,Over,9.333333333333334,11.0,1.03,0.0993888710196204,9.327758121582496,2024-03-08 13:38:19.413770,"['Betrivers', 'Unibet_Us']",2024-03-09T02:00:00Z,Ice Hockey,NHL,Player Points,Moritz Seider Over 1.5,0.0,0.0,11.0,0.0,6.0,0.0,0.0,0.0,0.0,0.0,0.0,0,11.0,0.0,0.0,0,0,0,0,0,0,0,0,0,0,0,0,0,0,0,0,0,0,0,0,0,0,0,0,0,0,0,0,0,0,0,0,0,0,0,0,0,0,0,0,0,0,0,0,0,0,0,0
icehockey_nhl,c0057a66ad0633e11130f836fda1d99a,Arizona Coyotes,Detroit Red Wings,player_points,Dylan Guenther_Over_1.5,Over,6.666666666666667,7.5,1.08,0.1394148020654045,4.561101549053371,2024-03-08 13:38:19.413770,"['Betrivers', 'Unibet_Us']",2024-03-09T02:00:00Z,Ice Hockey,NHL,Player Points,Dylan Guenther Over 1.5,0.0,0.0,7.5,0.0,5.0,0.0,0.0,0.0,0.0,0.0,0.0,0,7.5,0.0,0.0,0,0,0,0,0,0,0,0,0,0,0,0,0,0,0,0,0,0,0,0,0,0,0,0,0,0,0,0,0,0,0,0,0,0,0,0,0,0,0,0,0,0,0,0,0,0,0,0
icehockey_nhl,c0057a66ad0633e11130f836fda1d99a,Arizona Coyotes,Detroit Red Wings,player_points,Shayne Gostisbehere_Over_1.5,Over,7.083333333333333,8.0,1.06,0.1301678264428981,4.134261154318475,2024-03-08 13:38:19.413770,"['Betrivers', 'Unibet_Us']",2024-03-09T02:00:00Z,Ice Hockey,NHL,Player Points,Shayne Gostisbehere Over 1.5,0.0,0.0,8.0,0.0,5.25,0.0,0.0,0.0,0.0,0.0,0.0,0,8.0,0.0,0.0,0,0,0,0,0,0,0,0,0,0,0,0,0,0,0,0,0,0,0,0,0,0,0,0,0,0,0,0,0,0,0,0,0,0,0,0,0,0,0,0,0,0,0,0,0,0,0,0
icehockey_nhl,c0057a66ad0633e11130f836fda1d99a,Arizona Coyotes,Detroit Red Wings,player_points,Sean Durzi_Over_1.5,Over,5.766666666666667,6.4,1.1,0.1601941747572815,2.5242718446602086,2024-03-08 13:38:19.413770,"['Betrivers', 'Unibet_Us']",2024-03-09T02:00:00Z,Ice Hockey,NHL,Player Points,Sean Durzi Over 1.5,0.0,0.0,6.4,0.0,4.5,0.0,0.0,0.0,0.0,0.0,0.0,0,6.4,0.0,0.0,0,0,0,0,0,0,0,0,0,0,0,0,0,0,0,0,0,0,0,0,0,0,0,0,0,0,0,0,0,0,0,0,0,0,0,0,0,0,0,0,0,0,0,0,0,0,0,0
icehockey_nhl,c0057a66ad0633e11130f836fda1d99a,Arizona Coyotes,Detroit Red Wings,player_points,Lawson Crouse_Over_1.5,Over,6.166666666666667,6.75,1.09,0.1502067064768029,1.3895268718419729,2024-03-08 13:38:19.413770,"['Betrivers', 'Unibet_Us']",2024-03-09T02:00:00Z,Ice Hockey,NHL,Player Points,Lawson Crouse Over 1.5,0.0,0.0,6.75,0.0,5.0,0.0,0.0,0.0,0.0,0.0,0.0,0,6.75,0.0,0.0,0,0,0,0,0,0,0,0,0,0,0,0,0,0,0,0,0,0,0,0,0,0,0,0,0,0,0,0,0,0,0,0,0,0,0,0,0,0,0,0,0,0,0,0,0,0,0,0
icehockey_nhl,c0057a66ad0633e11130f836fda1d99a,Arizona Coyotes,Detroit Red Wings,player_points,Matias Maccelli_Over_1.5,Over,4.5,4.9,1.17,0.2063492063492063,1.111111111111096,2024-03-08 13:38:19.413770,"['Betrivers', 'Unibet_Us']",2024-03-09T02:00:00Z,Ice Hockey,NHL,Player Points,Matias Maccelli Over 1.5,0.0,0.0,4.9,0.0,3.7,0.0,0.0,0.0,0.0,0.0,0.0,0,4.9,0.0,0.0,0,0,0,0,0,0,0,0,0,0,0,0,0,0,0,0,0,0,0,0,0,0,0,0,0,0,0,0,0,0,0,0,0,0,0,0,0,0,0,0,0,0,0,0,0,0,0,0
icehockey_nhl,c0057a66ad0633e11130f836fda1d99a,Arizona Coyotes,Detroit Red Wings,player_power_play_points,Patrick Kane_Over_0.5,Over,3.083333333333333,3.4,1.335,0.3021501320256507,2.7310448887212457,2024-03-08 13:38:19.730258,"['Betrivers', 'Unibet_Us']",2024-03-09T02:00:00Z,Ice Hockey,NHL,Player Power Play Points,Patrick Kane Over 0.5,0.0,3.0,3.4,0.0,2.95,2.95,0.0,0.0,0.0,0.0,0.0,0,3.4,2.8,0.0,0,0,0,0,0,0,0,0,0,0,0,0,0,0,0,0,0,0,0,0,0,0,0,0,0,0,0,0,0,0,0,0,0,0,0,0,0,0,0,0,0,0,0,0,0,0,0,0
icehockey_nhl,56976203af851755e91e7bc91b9c3c6d,Colorado Avalanche,Minnesota Wild,alternate_spreads,Minnesota Wild_-1.5,-1.5,5.058571428571428,5.5,1.1528571428571428,0.1856025758969641,2.0814167433302777,2024-03-08 13:38:24.574472,"['Betrivers', 'Unibet_Us']",2024-03-09T02:00:00Z,Ice Hockey,NHL,Spread,Minnesota Wild -1.5,0.0,4.75,5.5,0.0,5.0,4.8,5.2,0.0,0.0,0.0,0.0,0,5.5,4.66,0.0,0,0,0,0,0,0,0,0,0,0,0,0,0,0,0,0,0,0,0,0,0,0,0,0,0,0,0,0,0,0,0,0,0,0,0,0,0,0,0,0,0,0,0,0,0,0,0,0
icehockey_nhl,56976203af851755e91e7bc91b9c3c6d,Colorado Avalanche,Minnesota Wild,alternate_spreads,Minnesota Wild_-2.5,-2.5,8.375,9.0,1.065,0.1128177966101695,1.5360169491525522,2024-03-08 13:38:24.574472,"['Betrivers', 'Unibet_Us']",2024-03-09T02:00:00Z,Ice Hockey,NHL,Spread,Minnesota Wild -2.5,0.0,7.0,9.0,0.0,0.0,0.0,8.5,0.0,0.0,0.0,0.0,0,9.0,0.0,0.0,0,0,0,0,0,0,0,0,0,0,0,0,0,0,0,0,0,0,0,0,0,0,0,0,0,0,0,0,0,0,0,0,0,0,0,0,0,0,0,0,0,0,0,0,0,0,0,0
icehockey_nhl,56976203af851755e91e7bc91b9c3c6d,Colorado Avalanche,Minnesota Wild,alternate_spreads,Minnesota Wild_-3.5,-3.5,15.0,16.0,1.01,0.0630855715178013,0.9369144284822052,2024-03-08 13:38:24.574472,['Fanduel'],2024-03-09T02:00:00Z,Ice Hockey,NHL,Spread,Minnesota Wild -3.5,0.0,14.0,0.0,0.0,0.0,0.0,16.0,0.0,0.0,0.0,0.0,0,0.0,0.0,0.0,0,0,0,0,0,0,0,0,0,0,0,0,0,0,0,0,0,0,0,0,0,0,0,0,0,0,0,0,0,0,0,0,0,0,0,0,0,0,0,0,0,0,0,0,0,0,0,0
icehockey_nhl,56976203af851755e91e7bc91b9c3c6d,Colorado Avalanche,Minnesota Wild,alternate_totals,Under_3.5,3.5,6.683333333333334,7.3,1.0933333333333335,0.1405915130732962,2.631804543506222,2024-03-08 13:38:24.976506,['Fanduel'],2024-03-09T02:00:00Z,Ice Hockey,NHL,Game Total,Under +3.5,0.0,6.25,0.0,0.0,0.0,0.0,7.3,0.0,0.0,6.5,0.0,0,0.0,0.0,0.0,0,0,0,0,0,0,0,0,0,0,0,0,0,0,0,0,0,0,0,0,0,0,0,0,0,0,0,0,0,0,0,0,0,0,0,0,0,0,0,0,0,0,0,0,0,0,0,0
icehockey_nhl,56976203af851755e91e7bc91b9c3c6d,Colorado Avalanche,Minnesota Wild,alternate_totals,Over_9.5,9.5,7.5,8.0,1.08,0.1258741258741259,0.6993006993007089,2024-03-08 13:38:24.976506,['Fanduel'],2024-03-09T02:00:00Z,Ice Hockey,NHL,Game Total,Over +9.5,0.0,7.0,0.0,0.0,0.0,0.0,8.0,0.0,0.0,0.0,0.0,0,0.0,0.0,0.0,0,0,0,0,0,0,0,0,0,0,0,0,0,0,0,0,0,0,0,0,0,0,0,0,0,0,0,0,0,0,0,0,0,0,0,0,0,0,0,0,0,0,0,0,0,0,0,0
icehockey_nhl,56976203af851755e91e7bc91b9c3c6d,Colorado Avalanche,Minnesota Wild,player_points,Ryan Hartman_Over_1.5,Over,7.75,9.0,1.05,0.1193181818181818,7.386363636363624,2024-03-08 13:38:25.916478,"['Betrivers', 'Unibet_Us']",2024-03-09T02:00:00Z,Ice Hockey,NHL,Player Points,Ryan Hartman Over 1.5,0.0,0.0,9.0,0.0,5.25,0.0,0.0,0.0,0.0,0.0,0.0,0,9.0,0.0,0.0,0,0,0,0,0,0,0,0,0,0,0,0,0,0,0,0,0,0,0,0,0,0,0,0,0,0,0,0,0,0,0,0,0,0,0,0,0,0,0,0,0,0,0,0,0,0,0,0
icehockey_nhl,56976203af851755e91e7bc91b9c3c6d,Colorado Avalanche,Minnesota Wild,player_points,Marco Rossi_Over_1.5,Over,8.0,9.0,1.05,0.1160220994475138,4.419889502762442,2024-03-08 13:38:25.916478,"['Betrivers', 'Unibet_Us']",2024-03-09T02:00:00Z,Ice Hockey,NHL,Player Points,Marco Rossi Over 1.5,0.0,0.0,9.0,0.0,6.0,0.0,0.0,0.0,0.0,0.0,0.0,0,9.0,0.0,0.0,0,0,0,0,0,0,0,0,0,0,0,0,0,0,0,0,0,0,0,0,0,0,0,0,0,0,0,0,0,0,0,0,0,0,0,0,0,0,0,0,0,0,0,0,0,0,0,0
icehockey_nhl,56976203af851755e91e7bc91b9c3c6d,Colorado Avalanche,Minnesota Wild,player_points,Devon Toews_Over_1.5,Over,6.666666666666667,7.5,1.07,0.1383024558380008,3.726841878500642,2024-03-08 13:38:25.916478,"['Betrivers', 'Unibet_Us']",2024-03-09T02:00:00Z,Ice Hockey,NHL,Player Points,Devon Toews Over 1.5,0.0,0.0,7.5,0.0,5.0,0.0,0.0,0.0,0.0,0.0,0.0,0,7.5,0.0,0.0,0,0,0,0,0,0,0,0,0,0,0,0,0,0,0,0,0,0,0,0,0,0,0,0,0,0,0,0,0,0,0,0,0,0,0,0,0,0,0,0,0,0,0,0,0,0,0,0
icehockey_nhl,56976203af851755e91e7bc91b9c3c6d,Colorado Avalanche,Minnesota Wild,player_points,Casey Mittelstadt_Over_1.5,Over,6.333333333333333,7.0,1.09,0.1468343062415806,2.7840143691064467,2024-03-08 13:38:25.916478,"['Betrivers', 'Unibet_Us']",2024-03-09T02:00:00Z,Ice Hockey,NHL,Player Points,Casey Mittelstadt Over 1.5,0.0,0.0,7.0,0.0,5.0,0.0,0.0,0.0,0.0,0.0,0.0,0,7.0,0.0,0.0,0,0,0,0,0,0,0,0,0,0,0,0,0,0,0,0,0,0,0,0,0,0,0,0,0,0,0,0,0,0,0,0,0,0,0,0,0,0,0,0,0,0,0,0,0,0,0,0
icehockey_nhl,56976203af851755e91e7bc91b9c3c6d,Colorado Avalanche,Minnesota Wild,player_points,Jonathan Drouin_Over_1.5,Over,5.366666666666667,5.8,1.12,0.1726618705035971,0.1438848920863322,2024-03-08 13:38:25.916478,"['Betrivers', 'Unibet_Us']",2024-03-09T02:00:00Z,Ice Hockey,NHL,Player Points,Jonathan Drouin Over 1.5,0.0,0.0,5.8,0.0,4.5,0.0,0.0,0.0,0.0,0.0,0.0,0,5.8,0.0,0.0,0,0,0,0,0,0,0,0,0,0,0,0,0,0,0,0,0,0,0,0,0,0,0,0,0,0,0,0,0,0,0,0,0,0,0,0,0,0,0,0,0,0,0,0,0,0,0,0
icehockey_nhl,56976203af851755e91e7bc91b9c3c6d,Colorado Avalanche,Minnesota Wild,player_power_play_points,Artturi Lehkonen_Over_0.5,Over,3.425,3.7,1.295,0.274364406779661,1.514830508474574,2024-03-08 13:38:26.363987,['Bovada'],2024-03-09T02:00:00Z,Ice Hockey,NHL,Player Power Play Points,Artturi Lehkonen Over 0.5,0.0,3.4,0.0,0.0,3.7,3.4,0.0,0.0,0.0,0.0,0.0,0,0.0,3.2,0.0,0,0,0,0,0,0,0,0,0,0,0,0,0,0,0,0,0,0,0,0,0,0,0,0,0,0,0,0,0,0,0,0,0,0,0,0,0,0,0,0,0,0,0,0,0,0,0,0
icehockey_nhl,56976203af851755e91e7bc91b9c3c6d,Colorado Avalanche,Minnesota Wild,player_power_play_points,Cale Makar_Over_0.5,Over,2.3583333333333334,2.5,1.585,0.4019442096365173,0.4860524091293339,2024-03-08 13:38:26.363987,"['Bovada', 'Betmgm']",2024-03-09T02:00:00Z,Ice Hockey,NHL,Player Power Play Points,Cale Makar Over 0.5,0.0,2.5,2.2,0.0,2.5,2.4,0.0,0.0,0.0,0.0,0.0,0,2.2,2.35,0.0,0,0,0,0,0,0,0,0,0,0,0,0,0,0,0,0,0,0,0,0,0,0,0,0,0,0,0,0,0,0,0,0,0,0,0,0,0,0,0,0,0,0,0,0,0,0,0,0
icehockey_nhl,56976203af851755e91e7bc91b9c3c6d,Colorado Avalanche,Minnesota Wild,player_power_play_points,Ryan Hartman_Over_0.5,Over,6.5625,7.0,1.0950000000000002,0.1429970617042116,0.0979431929481133,2024-03-08 13:38:26.363987,['Draftkings'],2024-03-09T02:00:00Z,Ice Hockey,NHL,Player Power Play Points,Ryan Hartman Over 0.5,0.0,6.75,0.0,0.0,6.0,7.0,0.0,0.0,0.0,0.0,0.0,0,0.0,6.5,0.0,0,0,0,0,0,0,0,0,0,0,0,0,0,0,0,0,0,0,0,0,0,0,0,0,0,0,0,0,0,0,0,0,0,0,0,0,0,0,0,0,0,0,0,0,0,0,0,0
icehockey_nhl,efdf1684a7c0c05a233be82ee390ef83,Anaheim Ducks,Dallas Stars,h2h,Anaheim Ducks,0,3.532857142857144,3.72,1.317857142857143,0.2716831099985274,1.0661169194522313,2024-03-08 13:38:31.135701,"['Lowvig', 'Betonlineag']",2024-03-09T03:00:00Z,Ice Hockey,NHL,Moneyline,Anaheim Ducks,3.72,3.3,3.4,3.6,3.65,3.5,3.5,3.72,3.5,3.5,3.5,0,3.4,3.5,3.67,0,0,0,0,0,0,0,0,0,0,0,0,0,0,0,0,0,0,0,0,0,0,0,0,0,0,0,0,0,0,0,0,0,0,0,0,0,0,0,0,0,0,0,0,0,0,0,0
icehockey_nhl,efdf1684a7c0c05a233be82ee390ef83,Anaheim Ducks,Dallas Stars,alternate_spreads,Anaheim Ducks_-2.5,-2.5,9.75,11.0,1.045,0.096804075961093,6.484483557202392,2024-03-08 13:38:32.149553,['Fanduel'],2024-03-09T03:00:00Z,Ice Hockey,NHL,Spread,Anaheim Ducks -2.5,0.0,8.5,0.0,0.0,0.0,0.0,11.0,0.0,0.0,0.0,0.0,0,0.0,0.0,0.0,0,0,0,0,0,0,0,0,0,0,0,0,0,0,0,0,0,0,0,0,0,0,0,0,0,0,0,0,0,0,0,0,0,0,0,0,0,0,0,0,0,0,0,0,0,0,0,0
icehockey_nhl,efdf1684a7c0c05a233be82ee390ef83,Anaheim Ducks,Dallas Stars,alternate_spreads,Anaheim Ducks_-1.5,-1.5,6.182857142857143,6.75,1.1085714285714288,0.1520376175548589,2.625391849529801,2024-03-08 13:38:32.149553,['Bovada'],2024-03-09T03:00:00Z,Ice Hockey,NHL,Spread,Anaheim Ducks -1.5,0.0,5.75,6.25,0.0,6.75,6.2,6.6,0.0,0.0,0.0,0.0,0,6.25,5.48,0.0,0,0,0,0,0,0,0,0,0,0,0,0,0,0,0,0,0,0,0,0,0,0,0,0,0,0,0,0,0,0,0,0,0,0,0,0,0,0,0,0,0,0,0,0,0,0,0,0
icehockey_nhl,efdf1684a7c0c05a233be82ee390ef83,Anaheim Ducks,Dallas Stars,alternate_spreads,Anaheim Ducks_-3.5,-3.5,19.75,21.0,1.01,0.0486512524084778,2.167630057803472,2024-03-08 13:38:32.149553,['Fanduel'],2024-03-09T03:00:00Z,Ice Hockey,NHL,Spread,Anaheim Ducks -3.5,0.0,18.5,0.0,0.0,0.0,0.0,21.0,0.0,0.0,0.0,0.0,0,0.0,0.0,0.0,0,0,0,0,0,0,0,0,0,0,0,0,0,0,0,0,0,0,0,0,0,0,0,0,0,0,0,0,0,0,0,0,0,0,0,0,0,0,0,0,0,0,0,0,0,0,0,0
icehockey_nhl,efdf1684a7c0c05a233be82ee390ef83,Anaheim Ducks,Dallas Stars,alternate_spreads,Dallas Stars_-4.5,-4.5,8.333333333333334,9.0,1.0666666666666669,0.1134751773049645,2.127659574468066,2024-03-08 13:38:32.149553,['Fanduel'],2024-03-09T03:00:00Z,Ice Hockey,NHL,Spread,Dallas Stars -4.5,0.0,0.0,8.0,0.0,0.0,0.0,9.0,0.0,0.0,0.0,0.0,0,8.0,0.0,0.0,0,0,0,0,0,0,0,0,0,0,0,0,0,0,0,0,0,0,0,0,0,0,0,0,0,0,0,0,0,0,0,0,0,0,0,0,0,0,0,0,0,0,0,0,0,0,0,0
icehockey_nhl,efdf1684a7c0c05a233be82ee390ef83,Anaheim Ducks,Dallas Stars,alternate_totals,Under_3.5,3.5,6.416666666666667,7.0,1.1033333333333335,0.1467198581560284,2.7039007092198752,2024-03-08 13:38:32.593057,['Fanduel'],2024-03-09T03:00:00Z,Ice Hockey,NHL,Game Total,Under +3.5,0.0,5.75,0.0,0.0,0.0,0.0,7.0,0.0,0.0,6.5,0.0,0,0.0,0.0,0.0,0,0,0,0,0,0,0,0,0,0,0,0,0,0,0,0,0,0,0,0,0,0,0,0,0,0,0,0,0,0,0,0,0,0,0,0,0,0,0,0,0,0,0,0,0,0,0,0
icehockey_nhl,efdf1684a7c0c05a233be82ee390ef83,Anaheim Ducks,Dallas Stars,alternate_totals,Over_9.5,9.5,8.375,9.0,1.065,0.1128177966101695,1.5360169491525522,2024-03-08 13:38:32.593057,['Fanduel'],2024-03-09T03:00:00Z,Ice Hockey,NHL,Game Total,Over +9.5,0.0,7.75,0.0,0.0,0.0,0.0,9.0,0.0,0.0,0.0,0.0,0,0.0,0.0,0.0,0,0,0,0,0,0,0,0,0,0,0,0,0,0,0,0,0,0,0,0,0,0,0,0,0,0,0,0,0,0,0,0,0,0,0,0,0,0,0,0,0,0,0,0,0,0,0,0
icehockey_nhl,efdf1684a7c0c05a233be82ee390ef83,Anaheim Ducks,Dallas Stars,player_points,Cam Fowler_Over_1.5,Over,7.083333333333333,8.0,1.06,0.1301678264428981,4.134261154318475,2024-03-08 13:38:33.635658,"['Betrivers', 'Unibet_Us']",2024-03-09T03:00:00Z,Ice Hockey,NHL,Player Points,Cam Fowler Over 1.5,0.0,0.0,8.0,0.0,5.25,0.0,0.0,0.0,0.0,0.0,0.0,0,8.0,0.0,0.0,0,0,0,0,0,0,0,0,0,0,0,0,0,0,0,0,0,0,0,0,0,0,0,0,0,0,0,0,0,0,0,0,0,0,0,0,0,0,0,0,0,0,0,0,0,0,0,0
icehockey_nhl,efdf1684a7c0c05a233be82ee390ef83,Anaheim Ducks,Dallas Stars,player_points,Mason Marchment_Over_1.5,Over,6.75,7.5,1.08,0.1379310344827586,3.4482758620689724,2024-03-08 13:38:33.635658,"['Betrivers', 'Unibet_Us']",2024-03-09T03:00:00Z,Ice Hockey,NHL,Player Points,Mason Marchment Over 1.5,0.0,0.0,7.5,0.0,5.25,0.0,0.0,0.0,0.0,0.0,0.0,0,7.5,0.0,0.0,0,0,0,0,0,0,0,0,0,0,0,0,0,0,0,0,0,0,0,0,0,0,0,0,0,0,0,0,0,0,0,0,0,0,0,0,0,0,0,0,0,0,0,0,0,0,0,0
icehockey_nhl,efdf1684a7c0c05a233be82ee390ef83,Anaheim Ducks,Dallas Stars,player_points,Ryan Strome_Over_1.5,Over,5.566666666666666,6.1,1.11,0.1662506240639041,1.4128806789815207,2024-03-08 13:38:33.635658,"['Betrivers', 'Unibet_Us']",2024-03-09T03:00:00Z,Ice Hockey,NHL,Player Points,Ryan Strome Over 1.5,0.0,0.0,6.1,0.0,4.5,0.0,0.0,0.0,0.0,0.0,0.0,0,6.1,0.0,0.0,0,0,0,0,0,0,0,0,0,0,0,0,0,0,0,0,0,0,0,0,0,0,0,0,0,0,0,0,0,0,0,0,0,0,0,0,0,0,0,0,0,0,0,0,0,0,0,0
icehockey_nhl,efdf1684a7c0c05a233be82ee390ef83,Anaheim Ducks,Dallas Stars,player_points,Alex Killorn_Over_1.5,Over,5.566666666666666,6.1,1.11,0.1662506240639041,1.4128806789815207,2024-03-08 13:38:33.635658,"['Betrivers', 'Unibet_Us']",2024-03-09T03:00:00Z,Ice Hockey,NHL,Player Points,Alex Killorn Over 1.5,0.0,0.0,6.1,0.0,4.5,0.0,0.0,0.0,0.0,0.0,0.0,0,6.1,0.0,0.0,0,0,0,0,0,0,0,0,0,0,0,0,0,0,0,0,0,0,0,0,0,0,0,0,0,0,0,0,0,0,0,0,0,0,0,0,0,0,0,0,0,0,0,0,0,0,0,0
icehockey_nhl,efdf1684a7c0c05a233be82ee390ef83,Anaheim Ducks,Dallas Stars,player_points,Frank Vatrano_Over_1.5,Over,5.15,5.6,1.13,0.1799363057324841,0.7643312101910937,2024-03-08 13:38:33.635658,"['Betrivers', 'Unibet_Us']",2024-03-09T03:00:00Z,Ice Hockey,NHL,Player Points,Frank Vatrano Over 1.5,0.0,0.0,5.6,0.0,4.25,0.0,0.0,0.0,0.0,0.0,0.0,0,5.6,0.0,0.0,0,0,0,0,0,0,0,0,0,0,0,0,0,0,0,0,0,0,0,0,0,0,0,0,0,0,0,0,0,0,0,0,0,0,0,0,0,0,0,0,0,0,0,0,0,0,0,0
icehockey_nhl,efdf1684a7c0c05a233be82ee390ef83,Anaheim Ducks,Dallas Stars,player_power_play_points,Cam Fowler_Over_0.5,Over,5.0,5.5,1.17,0.1896272285251215,4.29497568881686,2024-03-08 13:38:33.995027,['Bovada'],2024-03-09T03:00:00Z,Ice Hockey,NHL,Player Power Play Points,Cam Fowler Over 0.5,0.0,0.0,4.75,0.0,5.5,0.0,0.0,0.0,0.0,0.0,0.0,0,4.75,0.0,0.0,0,0,0,0,0,0,0,0,0,0,0,0,0,0,0,0,0,0,0,0,0,0,0,0,0,0,0,0,0,0,0,0,0,0,0,0,0,0,0,0,0,0,0,0,0,0,0,0
icehockey_nhl,efdf1684a7c0c05a233be82ee390ef83,Anaheim Ducks,Dallas Stars,player_power_play_points,Logan Stankoven_Over_0.5,Over,6.033333333333334,6.5,1.12,0.1565703634669151,1.7707362534948534,2024-03-08 13:38:33.995027,['Bovada'],2024-03-09T03:00:00Z,Ice Hockey,NHL,Player Power Play Points,Logan Stankoven Over 0.5,0.0,0.0,0.0,0.0,6.5,6.0,0.0,0.0,0.0,0.0,0.0,0,0.0,5.6,0.0,0,0,0,0,0,0,0,0,0,0,0,0,0,0,0,0,0,0,0,0,0,0,0,0,0,0,0,0,0,0,0,0,0,0,0,0,0,0,0,0,0,0,0,0,0,0,0,0
icehockey_nhl,9c474db7650f906f1c478e0f95480135,Seattle Kraken,Winnipeg Jets,alternate_spreads,Winnipeg Jets_-3.5,-3.5,8.5625,10.0,1.06,0.1101584827227851,10.158482722785156,2024-03-08 13:38:39.170077,['Fanduel'],2024-03-09T03:00:00Z,Ice Hockey,NHL,Spread,Winnipeg Jets -3.5,0.0,8.25,8.0,0.0,0.0,0.0,10.0,0.0,0.0,0.0,0.0,0,8.0,0.0,0.0,0,0,0,0,0,0,0,0,0,0,0,0,0,0,0,0,0,0,0,0,0,0,0,0,0,0,0,0,0,0,0,0,0,0,0,0,0,0,0,0,0,0,0,0,0,0,0,0
icehockey_nhl,9c474db7650f906f1c478e0f95480135,Seattle Kraken,Winnipeg Jets,alternate_spreads,Seattle Kraken_-3.5,-3.5,10.625,12.0,1.03,0.0883740883740883,6.048906048906034,2024-03-08 13:38:39.170077,['Fanduel'],2024-03-09T03:00:00Z,Ice Hockey,NHL,Spread,Seattle Kraken -3.5,0.0,9.25,0.0,0.0,0.0,0.0,12.0,0.0,0.0,0.0,0.0,0,0.0,0.0,0.0,0,0,0,0,0,0,0,0,0,0,0,0,0,0,0,0,0,0,0,0,0,0,0,0,0,0,0,0,0,0,0,0,0,0,0,0,0,0,0,0,0,0,0,0,0,0,0,0
icehockey_nhl,9c474db7650f906f1c478e0f95480135,Seattle Kraken,Winnipeg Jets,alternate_spreads,Seattle Kraken_-1.5,-1.5,3.5028571428571427,3.8,1.2914285714285716,0.2693682955899881,2.359952324195469,2024-03-08 13:38:39.170077,"['Betrivers', 'Unibet_Us']",2024-03-09T03:00:00Z,Ice Hockey,NHL,Spread,Seattle Kraken -1.5,0.0,3.2,3.8,0.0,3.5,3.45,3.5,0.0,0.0,0.0,0.0,0,3.8,3.27,0.0,0,0,0,0,0,0,0,0,0,0,0,0,0,0,0,0,0,0,0,0,0,0,0,0,0,0,0,0,0,0,0,0,0,0,0,0,0,0,0,0,0,0,0,0,0,0,0,0
icehockey_nhl,9c474db7650f906f1c478e0f95480135,Seattle Kraken,Winnipeg Jets,alternate_totals,Over_9.5,9.5,10.875,12.0,1.03,0.0865182696346073,3.821923561528784,2024-03-08 13:38:39.651282,['Fanduel'],2024-03-09T03:00:00Z,Ice Hockey,NHL,Game Total,Over +9.5,0.0,9.75,0.0,0.0,0.0,0.0,12.0,0.0,0.0,0.0,0.0,0,0.0,0.0,0.0,0,0,0,0,0,0,0,0,0,0,0,0,0,0,0,0,0,0,0,0,0,0,0,0,0,0,0,0,0,0,0,0,0,0,0,0,0,0,0,0,0,0,0,0,0,0,0,0
icehockey_nhl,9c474db7650f906f1c478e0f95480135,Seattle Kraken,Winnipeg Jets,player_points,Yanni Gourde_Over_1.5,Over,9.0,10.5,1.04,0.1035856573705179,8.764940239043817,2024-03-08 13:38:40.694886,"['Betrivers', 'Unibet_Us']",2024-03-09T03:00:00Z,Ice Hockey,NHL,Player Points,Yanni Gourde Over 1.5,0.0,0.0,10.5,0.0,6.0,0.0,0.0,0.0,0.0,0.0,0.0,0,10.5,0.0,0.0,0,0,0,0,0,0,0,0,0,0,0,0,0,0,0,0,0,0,0,0,0,0,0,0,0,0,0,0,0,0,0,0,0,0,0,0,0,0,0,0,0,0,0,0,0,0,0,0
icehockey_nhl,9c474db7650f906f1c478e0f95480135,Seattle Kraken,Winnipeg Jets,player_points,Matty Beniers_Over_1.5,Over,6.75,7.5,1.08,0.1379310344827586,3.4482758620689724,2024-03-08 13:38:40.694886,"['Betrivers', 'Unibet_Us']",2024-03-09T03:00:00Z,Ice Hockey,NHL,Player Points,Matty Beniers Over 1.5,0.0,0.0,7.5,0.0,5.25,0.0,0.0,0.0,0.0,0.0,0.0,0,7.5,0.0,0.0,0,0,0,0,0,0,0,0,0,0,0,0,0,0,0,0,0,0,0,0,0,0,0,0,0,0,0,0,0,0,0,0,0,0,0,0,0,0,0,0,0,0,0,0,0,0,0,0
icehockey_nhl,9c474db7650f906f1c478e0f95480135,Seattle Kraken,Winnipeg Jets,player_points,Jaden Schwartz_Over_1.5,Over,7.333333333333333,8.0,1.06,0.1262907069102462,1.032565528197016,2024-03-08 13:38:40.694886,"['Betrivers', 'Unibet_Us']",2024-03-09T03:00:00Z,Ice Hockey,NHL,Player Points,Jaden Schwartz Over 1.5,0.0,0.0,8.0,0.0,6.0,0.0,0.0,0.0,0.0,0.0,0.0,0,8.0,0.0,0.0,0,0,0,0,0,0,0,0,0,0,0,0,0,0,0,0,0,0,0,0,0,0,0,0,0,0,0,0,0,0,0,0,0,0,0,0,0,0,0,0,0,0,0,0,0,0,0,0
icehockey_nhl,9c474db7650f906f1c478e0f95480135,Seattle Kraken,Winnipeg Jets,player_points,Eeli Tolvanen_Over_1.5,Over,7.333333333333333,8.0,1.06,0.1262907069102462,1.032565528197016,2024-03-08 13:38:40.694886,"['Betrivers', 'Unibet_Us']",2024-03-09T03:00:00Z,Ice Hockey,NHL,Player Points,Eeli Tolvanen Over 1.5,0.0,0.0,8.0,0.0,6.0,0.0,0.0,0.0,0.0,0.0,0.0,0,8.0,0.0,0.0,0,0,0,0,0,0,0,0,0,0,0,0,0,0,0,0,0,0,0,0,0,0,0,0,0,0,0,0,0,0,0,0,0,0,0,0,0,0,0,0,0,0,0,0,0,0,0,0
icehockey_nhl,9c474db7650f906f1c478e0f95480135,Seattle Kraken,Winnipeg Jets,player_power_play_points,Jared McCann_Over_0.5,Over,3.8333333333333326,4.1,1.25,0.2459016393442623,0.8196721311475419,2024-03-08 13:38:41.147687,"['Bovada', 'Draftkings', 'Betmgm']",2024-03-09T03:00:00Z,Ice Hockey,NHL,Player Power Play Points,Jared McCann Over 0.5,0.0,4.1,3.5,0.0,4.1,4.1,0.0,0.0,0.0,0.0,0.0,0,3.5,3.7,0.0,0,0,0,0,0,0,0,0,0,0,0,0,0,0,0,0,0,0,0,0,0,0,0,0,0,0,0,0,0,0,0,0,0,0,0,0,0,0,0,0,0,0,0,0,0,0,0,0
icehockey_nhl,7ee0b403bfe61e15d3896b7b262864ed,Buffalo Sabres,Edmonton Oilers,h2h,Buffalo Sabres,0,2.4657142857142857,2.63,1.5814285714285714,0.3907518531591951,2.767737380868318,2024-03-08 13:38:45.550867,"['Lowvig', 'Betonlineag']",2024-03-09T17:30:00Z,Ice Hockey,NHL,Moneyline,Buffalo Sabres,2.63,0.0,2.35,0.0,0.0,2.45,0.0,2.63,2.45,2.4,0.0,0,2.35,0.0,0.0,0,0,0,0,0,0,0,0,0,0,0,0,0,0,0,0,0,0,0,0,0,0,0,0,0,0,0,0,0,0,0,0,0,0,0,0,0,0,0,0,0,0,0,0,0,0,0,0
icehockey_nhl,7ee0b403bfe61e15d3896b7b262864ed,Buffalo Sabres,Edmonton Oilers,totals,Under_6.5,6.5,1.975,2.1,1.86,0.485006518904824,1.8513689700130564,2024-03-08 13:38:46.102798,['Pointsbetus'],2024-03-09T17:30:00Z,Ice Hockey,NHL,Game Total,Under +6.5,1.93,0.0,1.97,0.0,0.0,1.95,0.0,1.93,0.0,2.1,0.0,0,1.97,0.0,0.0,0,0,0,0,0,0,0,0,0,0,0,0,0,0,0,0,0,0,0,0,0,0,0,0,0,0,0,0,0,0,0,0,0,0,0,0,0,0,0,0,0,0,0,0,0,0,0,0
icehockey_nhl,7ee0b403bfe61e15d3896b7b262864ed,Buffalo Sabres,Edmonton Oilers,alternate_totals,Over_9.5,9.5,7.0,7.5,1.096666666666667,0.1354466858789625,1.5850144092218854,2024-03-08 13:38:46.708788,"['Betrivers', 'Unibet_Us']",2024-03-09T17:30:00Z,Ice Hockey,NHL,Game Total,Over +9.5,0.0,0.0,7.5,0.0,0.0,0.0,0.0,0.0,0.0,6.0,0.0,0,7.5,0.0,0.0,0,0,0,0,0,0,0,0,0,0,0,0,0,0,0,0,0,0,0,0,0,0,0,0,0,0,0,0,0,0,0,0,0,0,0,0,0,0,0,0,0,0,0,0,0,0,0,0
icehockey_nhl,46615c70c8cb2809d1a550e989c26e47,New Jersey Devils,Carolina Hurricanes,alternate_totals,Under_3.5,3.5,6.5625,7.0,1.105,0.1441147701336811,0.8803390935767874,2024-03-08 13:38:51.989325,"['Betrivers', 'Unibet_Us']",2024-03-09T17:30:00Z,Ice Hockey,NHL,Game Total,Under +3.5,0.0,5.75,7.0,0.0,0.0,0.0,0.0,0.0,0.0,6.5,0.0,0,7.0,0.0,0.0,0,0,0,0,0,0,0,0,0,0,0,0,0,0,0,0,0,0,0,0,0,0,0,0,0,0,0,0,0,0,0,0,0,0,0,0,0,0,0,0,0,0,0,0,0,0,0,0
icehockey_nhl,1360f09be2aca0a75bca15c5d4e3b6db,Columbus Blue Jackets,Nashville Predators,alternate_spreads,Columbus Blue Jackets_-1.5,-1.5,4.1000000000000005,4.3,1.2433333333333334,0.2326887086712414,0.0561447286338112,2024-03-08 13:38:57.274830,"['Betrivers', 'Unibet_Us']",2024-03-09T17:30:00Z,Ice Hockey,NHL,Spread,Columbus Blue Jackets -1.5,0.0,3.7,4.3,0.0,0.0,0.0,0.0,0.0,0.0,0.0,0.0,0,4.3,0.0,0.0,0,0,0,0,0,0,0,0,0,0,0,0,0,0,0,0,0,0,0,0,0,0,0,0,0,0,0,0,0,0,0,0,0,0,0,0,0,0,0,0,0,0,0,0,0,0,0,0
icehockey_nhl,1360f09be2aca0a75bca15c5d4e3b6db,Columbus Blue Jackets,Nashville Predators,alternate_totals,Over_9.0,9.0,7.416666666666667,8.0,1.086666666666667,0.1277930223441787,2.23441787534302,2024-03-08 13:38:57.578295,"['Betrivers', 'Unibet_Us']",2024-03-09T17:30:00Z,Ice Hockey,NHL,Game Total,Over +9.0,0.0,6.25,8.0,0.0,0.0,0.0,0.0,0.0,0.0,0.0,0.0,0,8.0,0.0,0.0,0,0,0,0,0,0,0,0,0,0,0,0,0,0,0,0,0,0,0,0,0,0,0,0,0,0,0,0,0,0,0,0,0,0,0,0,0,0,0,0,0,0,0,0,0,0,0,0
icehockey_nhl,1360f09be2aca0a75bca15c5d4e3b6db,Columbus Blue Jackets,Nashville Predators,alternate_totals,Over_9.5,9.5,8.0,8.5,1.0766666666666669,0.1186191700330518,0.8262945280940182,2024-03-08 13:38:57.578295,"['Betrivers', 'Unibet_Us']",2024-03-09T17:30:00Z,Ice Hockey,NHL,Game Total,Over +9.5,0.0,7.0,8.5,0.0,0.0,0.0,0.0,0.0,0.0,0.0,0.0,0,8.5,0.0,0.0,0,0,0,0,0,0,0,0,0,0,0,0,0,0,0,0,0,0,0,0,0,0,0,0,0,0,0,0,0,0,0,0,0,0,0,0,0,0,0,0,0,0,0,0,0,0,0,0
icehockey_nhl,0f02cc0c14f099d3b9888d1788e1ccd5,Boston Bruins,Pittsburgh Penguins,h2h,Pittsburgh Penguins,0,2.565555555555556,2.72,1.5400000000000005,0.3751014884979701,2.0276048714478967,2024-03-08 13:39:01.982949,"['Lowvig', 'Betonlineag']",2024-03-09T20:00:00Z,Ice Hockey,NHL,Moneyline,Pittsburgh Penguins,2.72,2.5,2.5,0.0,0.0,2.6,2.5,2.72,2.55,2.5,0.0,0,2.5,0.0,0.0,0,0,0,0,0,0,0,0,0,0,0,0,0,0,0,0,0,0,0,0,0,0,0,0,0,0,0,0,0,0,0,0,0,0,0,0,0,0,0,0,0,0,0,0,0,0,0,0
icehockey_nhl,0f02cc0c14f099d3b9888d1788e1ccd5,Boston Bruins,Pittsburgh Penguins,alternate_totals,Under_3.5,3.5,5.45,6.0,1.14,0.17298937784522,3.793626707132014,2024-03-08 13:39:03.281726,['Pointsbetus'],2024-03-09T20:00:00Z,Ice Hockey,NHL,Game Total,Under +3.5,0.0,5.0,5.4,0.0,0.0,0.0,0.0,0.0,0.0,6.0,0.0,0,5.4,0.0,0.0,0,0,0,0,0,0,0,0,0,0,0,0,0,0,0,0,0,0,0,0,0,0,0,0,0,0,0,0,0,0,0,0,0,0,0,0,0,0,0,0,0,0,0,0,0,0,0,0
icehockey_nhl,0f02cc0c14f099d3b9888d1788e1ccd5,Boston Bruins,Pittsburgh Penguins,alternate_totals,Under_4.5,4.5,3.725,4.1,1.2625,0.2531328320802005,3.7844611528821903,2024-03-08 13:39:03.281726,['Pointsbetus'],2024-03-09T20:00:00Z,Ice Hockey,NHL,Game Total,Under +4.5,0.0,3.5,3.65,0.0,0.0,0.0,0.0,0.0,0.0,4.1,0.0,0,3.65,0.0,0.0,0,0,0,0,0,0,0,0,0,0,0,0,0,0,0,0,0,0,0,0,0,0,0,0,0,0,0,0,0,0,0,0,0,0,0,0,0,0,0,0,0,0,0,0,0,0,0,0
icehockey_nhl,0f02cc0c14f099d3b9888d1788e1ccd5,Boston Bruins,Pittsburgh Penguins,alternate_totals,Over_8.5,8.5,5.125,5.5,1.1525,0.1835921943448825,0.9757068896853682,2024-03-08 13:39:03.281726,"['Betrivers', 'Unibet_Us']",2024-03-09T20:00:00Z,Ice Hockey,NHL,Game Total,Over +8.5,0.0,5.0,5.5,0.0,0.0,0.0,0.0,0.0,0.0,4.5,0.0,0,5.5,0.0,0.0,0,0,0,0,0,0,0,0,0,0,0,0,0,0,0,0,0,0,0,0,0,0,0,0,0,0,0,0,0,0,0,0,0,0,0,0,0,0,0,0,0,0,0,0,0,0,0,0
icehockey_nhl,0f02cc0c14f099d3b9888d1788e1ccd5,Boston Bruins,Pittsburgh Penguins,alternate_totals,Under_5.5,5.5,2.075,2.2,1.735,0.4553805774278215,0.1837270341207397,2024-03-08 13:39:03.281726,['Pointsbetus'],2024-03-09T20:00:00Z,Ice Hockey,NHL,Game Total,Under +5.5,0.0,2.0,2.05,0.0,0.0,0.0,0.0,0.0,0.0,2.2,0.0,0,2.05,0.0,0.0,0,0,0,0,0,0,0,0,0,0,0,0,0,0,0,0,0,0,0,0,0,0,0,0,0,0,0,0,0,0,0,0,0,0,0,0,0,0,0,0,0,0,0,0,0,0,0,0
icehockey_nhl,61f373f6b5db96b21ca1170932129f5c,Montréal Canadiens,Toronto Maple Leafs,totals,Under_6.5,6.5,1.91375,2.0,1.915,0.5001632386549135,0.0326477309827044,2024-03-08 13:39:21.683948,['Pointsbetus'],2024-03-10T00:00:00Z,Ice Hockey,NHL,Game Total,Under +6.5,1.93,1.91,1.87,0.0,0.0,1.91,1.89,1.93,0.0,2.0,0.0,0,1.87,0.0,0.0,0,0,0,0,0,0,0,0,0,0,0,0,0,0,0,0,0,0,0,0,0,0,0,0,0,0,0,0,0,0,0,0,0,0,0,0,0,0,0,0,0,0,0,0,0,0,0,0
icehockey_nhl,61f373f6b5db96b21ca1170932129f5c,Montréal Canadiens,Toronto Maple Leafs,alternate_totals,Over_9.5,9.5,7.75,8.5,1.08,0.1223103057757644,3.963759909399767,2024-03-08 13:39:22.300924,"['Betrivers', 'Unibet_Us']",2024-03-10T00:00:00Z,Ice Hockey,NHL,Game Total,Over +9.5,0.0,7.0,8.5,0.0,0.0,0.0,0.0,0.0,0.0,7.0,0.0,0,8.5,0.0,0.0,0,0,0,0,0,0,0,0,0,0,0,0,0,0,0,0,0,0,0,0,0,0,0,0,0,0,0,0,0,0,0,0,0,0,0,0,0,0,0,0,0,0,0,0,0,0,0,0
icehockey_nhl,61f373f6b5db96b21ca1170932129f5c,Montréal Canadiens,Toronto Maple Leafs,alternate_totals,Over_9.0,9.0,7.083333333333333,7.5,1.0933333333333335,0.1337138198124745,0.2853648593559077,2024-03-08 13:39:22.300924,"['Betrivers', 'Unibet_Us']",2024-03-10T00:00:00Z,Ice Hockey,NHL,Game Total,Over +9.0,0.0,6.25,7.5,0.0,0.0,0.0,0.0,0.0,0.0,0.0,0.0,0,7.5,0.0,0.0,0,0,0,0,0,0,0,0,0,0,0,0,0,0,0,0,0,0,0,0,0,0,0,0,0,0,0,0,0,0,0,0,0,0,0,0,0,0,0,0,0,0,0,0,0,0,0,0
icehockey_nhl,6778284ca1d8867cf2edb973033cab90,San Jose Sharks,Ottawa Senators,alternate_totals,Over_9.5,9.5,6.875,7.5,1.0925000000000002,0.1371195481644179,2.839661123313475,2024-03-08 13:39:27.786872,"['Betrivers', 'Unibet_Us']",2024-03-10T00:00:00Z,Ice Hockey,NHL,Game Total,Over +9.5,0.0,6.0,7.5,0.0,0.0,0.0,0.0,0.0,0.0,6.5,0.0,0,7.5,0.0,0.0,0,0,0,0,0,0,0,0,0,0,0,0,0,0,0,0,0,0,0,0,0,0,0,0,0,0,0,0,0,0,0,0,0,0,0,0,0,0,0,0,0,0,0,0,0,0,0,0
icehockey_nhl,6778284ca1d8867cf2edb973033cab90,San Jose Sharks,Ottawa Senators,alternate_totals,Over_9.0,9.0,6.333333333333333,6.75,1.11,0.1491267353336319,0.6605463502015296,2024-03-08 13:39:27.786872,"['Betrivers', 'Unibet_Us']",2024-03-10T00:00:00Z,Ice Hockey,NHL,Game Total,Over +9.0,0.0,5.5,6.75,0.0,0.0,0.0,0.0,0.0,0.0,0.0,0.0,0,6.75,0.0,0.0,0,0,0,0,0,0,0,0,0,0,0,0,0,0,0,0,0,0,0,0,0,0,0,0,0,0,0,0,0,0,0,0,0,0,0,0,0,0,0,0,0,0,0,0,0,0,0,0
icehockey_nhl,6778284ca1d8867cf2edb973033cab90,San Jose Sharks,Ottawa Senators,alternate_totals,Over_8.5,8.5,3.775,4.0,1.26,0.2502482621648461,0.0993048659384543,2024-03-08 13:39:27.786872,"['Betrivers', 'Unibet_Us']",2024-03-10T00:00:00Z,Ice Hockey,NHL,Game Total,Over +8.5,0.0,3.5,4.0,0.0,0.0,0.0,0.0,0.0,0.0,3.6,0.0,0,4.0,0.0,0.0,0,0,0,0,0,0,0,0,0,0,0,0,0,0,0,0,0,0,0,0,0,0,0,0,0,0,0,0,0,0,0,0,0,0,0,0,0,0,0,0,0,0,0,0,0,0,0,0
icehockey_nhl,11ad19457f6b9c218f345f640f8bd5db,Tampa Bay Lightning,Philadelphia Flyers,h2h,Tampa Bay Lightning,0,1.6877777777777776,1.76,2.24,0.5702970297029702,0.3722772277227615,2024-03-08 13:39:32.147863,"['Lowvig', 'Betonlineag']",2024-03-10T00:00:00Z,Ice Hockey,NHL,Moneyline,Tampa Bay Lightning,1.76,1.67,1.65,0.0,0.0,1.68,1.68,1.76,1.67,1.67,0.0,0,1.65,0.0,0.0,0,0,0,0,0,0,0,0,0,0,0,0,0,0,0,0,0,0,0,0,0,0,0,0,0,0,0,0,0,0,0,0,0,0,0,0,0,0,0,0,0,0,0,0,0,0,0,0
icehockey_nhl,11ad19457f6b9c218f345f640f8bd5db,Tampa Bay Lightning,Philadelphia Flyers,alternate_totals,Over_9.0,9.0,8.416666666666666,9.0,1.0733333333333337,0.1131015103617843,1.7913593256059237,2024-03-08 13:39:33.296351,"['Betrivers', 'Unibet_Us']",2024-03-10T00:00:00Z,Ice Hockey,NHL,Game Total,Over +9.0,0.0,7.25,9.0,0.0,0.0,0.0,0.0,0.0,0.0,0.0,0.0,0,9.0,0.0,0.0,0,0,0,0,0,0,0,0,0,0,0,0,0,0,0,0,0,0,0,0,0,0,0,0,0,0,0,0,0,0,0,0,0,0,0,0,0,0,0,0,0,0,0,0,0,0,0,0
icehockey_nhl,11ad19457f6b9c218f345f640f8bd5db,Tampa Bay Lightning,Philadelphia Flyers,alternate_totals,Under_3.5,3.5,6.1125,6.5,1.1150000000000002,0.1542718782428226,0.2767208578346891,2024-03-08 13:39:33.296351,['Pointsbetus'],2024-03-10T00:00:00Z,Ice Hockey,NHL,Game Total,Under +3.5,0.0,5.75,6.1,0.0,0.0,0.0,0.0,0.0,0.0,6.5,0.0,0,6.1,0.0,0.0,0,0,0,0,0,0,0,0,0,0,0,0,0,0,0,0,0,0,0,0,0,0,0,0,0,0,0,0,0,0,0,0,0,0,0,0,0,0,0,0,0,0,0,0,0,0,0,0
icehockey_nhl,51554699f8fd229746155af6b358b38f,New York Rangers,St Louis Blues,h2h,St Louis Blues,0,2.7024999999999997,2.81,1.4937500000000001,0.35597259457849273,0.028299076556459468,2024-03-08 13:39:37.765388,"['Lowvig', 'Betonlineag']",2024-03-10T00:30:00Z,Ice Hockey,NHL,Moneyline,St Louis Blues,2.81,0.0,2.65,0.0,0.0,2.7,2.6,2.81,2.65,2.75,0.0,0,2.65,0.0,0.0,0,0,0,0,0,0,0,0,0,0,0,0,0,0,0,0,0,0,0,0,0,0,0,0,0,0,0,0,0,0,0,0,0,0,0,0,0,0,0,0,0,0,0,0,0,0,0,0
